SIDO,VISIT_AREA_NM,GUNGU,EUPMYEON,VISIT_AREA_TYPE_CD,RESIDENCE_TIME_MIN_mean,RCMDTN_INTENTION_mean,REVISIT_YN_mean,TRAVEL_COMPANIONS_NUM_mean,REVISIT_INTENTION_mean
서울,DMYK,종로구,숭인동,24.0,75.0,3.0,0.0,1.0,3.0
서울,소피텔 앰배서더 서울,송파구,신천동,24.0,75.0,5.0,1.0,1.0,5.0
서울,밀레니엄힐튼 서울,중구,남대문로5가,24.0,52.5,5.0,0.25,2.0,5.0
서울,안테룸 서울,강남구,신사동,24.0,90.0,4.0,0.0,1.0,4.0
서울,월하여관,종로구,와룡동,24.0,132.0,3.6,0.0,1.0,3.6
서울,안다즈 서울강남,강남구,신사동,24.0,248.57142857142856,4.428571428571429,0.8571428571428571,1.0,4.428571428571429
인천,베스트웨스턴 하버파크호텔,중구,항동3가,24.0,120.0,4.0,0.5,1.0,4.0
서울,파크하얏트 서울,강남구,대치동,24.0,402.0,5.0,0.8,0.6,5.0
서울,포포인츠 바이쉐라톤 서울강남,강남구,신사동,24.0,30.0,3.0,0.5,1.0,2.5
경기,마실빌리지펜션,남양주시,오남읍,24.0,645.0,5.0,0.0,3.0,5.0
인천,부평현대더로프트오피스텔,부평구,부평동,24.0,195.0,3.0,0.0,0.0,3.0
경기,153은하캠프,가평군,가평읍,24.0,150.0,3.0,1.0,1.0,2.0
서울,아리랑힐호텔 동대문,성북구,동선동4가,24.0,45.0,5.0,0.5,1.0,5.0
경기,산정캠프,포천시,영북면,24.0,1005.0,5.0,1.0,1.0,5.0
경기,연천재인폭포 오토캠핑장,연천군,연천읍,24.0,240.0,4.0,1.0,6.0,4.0
경기,테이크호텔,광명시,일직동,24.0,810.0,4.0,0.0,1.0,4.0
경기,썬스타,수원시,팔달구,24.0,105.0,4.0,0.0,0.0,4.0
경기,프렌즈펜션캠핑,포천시,이동면,24.0,105.0,3.5,1.0,3.0,3.0
서울,페어몬트 앰배서더 서울,영등포구,여의도동,24.0,240.0,5.0,0.5,1.25,5.0
경기,거먹골한옥펜션,안성시,금광면,24.0,405.0,4.5,0.0,2.5,4.5
서울,레스케이프호텔,중구,회현동1가,24.0,135.0,4.0,0.0,0.5,4.0
서울,G게스트하우스,용산구,이태원동,24.0,90.0,3.0,0.5,0.0,2.5
서울,서울앤호텔 동대문,종로구,숭인동,24.0,45.0,3.0,0.5,0.0,2.5
경기,S스테이호텔,수원시,팔달구,24.0,90.0,2.0,0.5,0.0,2.0
경기,골든튤립에버 용인호텔,용인시,처인구,24.0,60.0,4.666666666666667,0.3333333333333333,1.3333333333333333,4.333333333333333
경기,여주마조렐글램핑리조트,여주시,멱곡동,24.0,270.0,4.0,0.5,3.0,4.0
경기,평화누리캠핑장,파주시,문산읍,24.0,142.5,2.0,1.0,2.0,2.0
서울,그랜드하얏트서울,용산구,한남동,24.0,162.0,3.6,0.8,1.6,3.4
제주특별자치도,오션하우스,서귀포시,안덕면,24.0,465.0,4.0,0.5,1.0,4.0
제주특별자치도,아리아호텔,서귀포시,색달동,24.0,110.0,4.333333333333333,0.0,1.3333333333333333,3.6666666666666665
제주특별자치도,또랑게스트하우스,제주시,아라일동,24.0,492.0,3.8,0.2,0.4,4.0
경기,호텔로젠하임,고양시,일산동구,24.0,135.0,4.0,0.0,1.0,4.0
서울,뉴서울호텔,중구,태평로1가,24.0,360.0,5.0,1.0,0.0,5.0
경기,곤지암리조트,광주시,도척면,24.0,210.0,5.0,0.5,2.0,5.0
서울,켄싱턴호텔 여의도,영등포구,여의도동,24.0,30.0,5.0,0.0,1.0,5.0
경기,김포캠핑파크,김포시,월곶면,24.0,930.0,5.0,0.0,6.0,5.0
경기,e편한세상시티미사오피스텔,하남시,망월동,24.0,135.0,4.0,0.25,1.0,4.0
서울,머큐어 앰배서더 서울 홍대,마포구,동교동,24.0,165.0,5.0,0.0,0.0,5.0
서울,롯데시티호텔 명동,중구,장교동,24.0,120.0,5.0,0.0,1.0,5.0
경기,코트야드 바이 메리어트 수원,수원시,영통구,24.0,40.0,5.0,0.0,0.0,5.0
서울,서울숲스테이,성동구,성수동1가,24.0,620.0,4.0,0.3333333333333333,3.0,4.0
서울,유원호텔,서초구,서초동,24.0,60.0,5.0,0.0,1.0,5.0
서울,비스타워커힐 서울,광진구,광장동,24.0,144.0,5.0,0.6,1.2,5.0
서울,케이팝하우스,중구,남창동,24.0,45.0,1.0,0.5,0.0,1.0
서울,그랜드젬모텔,중랑구,망우동,24.0,225.0,3.0,0.5,0.0,3.5
경기,호텔도노,수원시,팔달구,24.0,90.0,4.0,0.0,1.0,4.0
서울,센터마크호텔,종로구,관훈동,24.0,30.0,4.666666666666667,1.0,2.0,4.666666666666667
서울,인터컨티넨탈 서울코엑스,강남구,삼성동,24.0,120.0,3.5,0.0,1.0,3.5
경기,소노휴 양평,양평군,개군면,24.0,110.0,5.0,0.6666666666666666,3.0,5.0
경기,라마다앙코르바이윈덤 김포한강호텔,김포시,고촌읍,24.0,110.0,3.6666666666666665,0.3333333333333333,1.0,3.6666666666666665
충남,신라스테이 천안,천안시,서북구,24.0,150.0,4.333333333333333,0.0,1.0,4.333333333333333
충남,리버모텔,논산시,반월동,24.0,240.0,2.5,0.0,1.0,2.5
인천,MY24모텔,중구,사동,24.0,120.0,3.5,0.5,1.0,3.0
경기,얼레이호텔,용인시,기흥구,24.0,90.0,2.0,0.0,1.0,1.0
경기,서머셋센트럴분당,성남시,분당구,24.0,330.0,5.0,0.0,1.0,5.0
서울,드림게스트하우스,중구,남창동,24.0,90.0,5.0,0.0,0.0,5.0
경기,호반베르디움더프라임아파트,시흥시,목감동,24.0,240.0,4.5,1.0,0.0,4.5
서울,이비스스타일 앰배서더 명동,중구,충무로2가,24.0,160.0,4.0,1.0,0.0,4.0
서울,보코서울강남,강남구,논현동,24.0,170.0,4.666666666666667,0.3333333333333333,1.0,4.666666666666667
경기,킨텍스바이케이트리,고양시,일산서구,24.0,240.0,5.0,0.8,2.0,5.0
경기,자라섬캠핑장,가평군,가평읍,24.0,150.0,3.75,0.25,1.0,3.75
경기,화성게스트하우스,수원시,팔달구,24.0,120.0,3.0,0.0,0.0,3.0
경기,모네하우스펜션,가평군,상면,24.0,60.0,5.0,0.0,4.0,5.0
경기,라이브러리스테이 지지향,파주시,문발동,24.0,520.0,5.0,0.6666666666666666,0.0,5.0
경기,에스호텔,부천시,심곡동,24.0,705.0,4.5,0.5,2.5,4.0
서울,노보텔앰배서더 서울동대문호텔&레지던스,중구,을지로6가,24.0,120.0,5.0,0.0,3.0,5.0
서울,더블라썸,마포구,연남동,24.0,382.5,3.0,0.75,4.0,3.0
경기,리디자인호텔,용인시,기흥구,24.0,165.0,5.0,0.0,1.0,5.0
서울,서머셋팰리스 서울,종로구,수송동,24.0,795.0,5.0,0.0,1.0,5.0
서울,이비스앰배서더호텔 인사동,종로구,익선동,24.0,45.0,5.0,1.0,1.0,5.0
서울,모텔대경,중구,을지로6가,24.0,270.0,3.0,0.5,0.0,3.0
서울,콘래드 서울,영등포구,여의도동,24.0,140.0,4.666666666666667,0.3333333333333333,1.0,4.333333333333333
서울,AC호텔 바이 메리어트 서울강남,강남구,역삼동,24.0,30.0,5.0,0.5,1.0,5.0
부산,토요코인호텔 부산서면,부산진구,전포동,24.0,90.0,5.0,0.0,0.5,5.0
서울,호텔베뉴지,종로구,관수동,24.0,45.0,3.5,0.5,2.0,3.5
서울,집나온거북이,종로구,묘동,24.0,60.0,3.333333333333333,0.6666666666666666,1.0,3.0
서울,호텔더메이,종로구,돈의동,24.0,90.0,4.0,0.0,1.0,5.0
서울,야코리아호스텔 동대문점,중구,신당동,24.0,195.0,3.0,0.875,0.0,3.0
경기,곤지암리조트 East빌리지,광주시,도척면,24.0,150.0,5.0,1.0,3.0,5.0
경기,롤링힐스호텔,화성시,남양읍,24.0,85.0,4.166666666666667,0.1666666666666666,2.0,4.166666666666667
서울,라비타호텔,강남구,청담동,24.0,120.0,2.0,0.0,0.0,2.0
서울,삼정호텔,강남구,역삼동,24.0,375.0,3.5,0.75,1.0,3.5
서울,머스트스테이호텔 명동점,중구,남창동,24.0,75.0,1.0,0.0,1.0,1.0
전북,마리호텔,익산시,송학동,24.0,150.0,4.0,0.0,0.5,4.0
서울,서울올림픽파크텔,송파구,방이동,24.0,45.0,4.0,0.0,3.0,4.0
경기,인터라켄펜션,가평군,청평면,24.0,120.0,5.0,0.0,1.0,5.0
서울,더스테이트 선유,영등포구,양평동5가,24.0,60.0,4.0,0.5,0.0,3.0
서울,호텔더디자이너스 종로점,종로구,관수동,24.0,165.0,3.0,0.0,2.0,3.0
서울,롯데호텔월드,송파구,잠실동,24.0,285.0,5.0,0.0,2.0,5.0
서울,나인트리프리미어호텔 인사동,종로구,관훈동,24.0,354.0,4.2,0.6,2.0,4.4
서울,그랜드인터컨티넨탈 서울파르나스,강남구,삼성동,24.0,135.0,5.0,0.0,1.0,5.0
서울,호텔리베라 청담,강남구,청담동,24.0,120.0,4.333333333333333,0.3333333333333333,3.0,4.666666666666667
경기,호텔가덴,수원시,권선구,24.0,60.0,3.5,0.5,1.0,3.5
경기,퀸스타운애견펜션,양평군,단월면,24.0,1230.0,2.5,0.5,3.0,2.5
인천,풀문호텔,중구,북성동1가,24.0,70.0,4.333333333333333,0.3333333333333333,0.6666666666666666,4.0
서울,이비스스타일앰배서더 서울강남,강남구,대치동,24.0,105.0,4.5,0.0,0.0,4.0
경기,해밀호텔,수원시,팔달구,24.0,105.0,3.5,0.0,1.0,3.5
서울,메이필드호텔 서울,강서구,외발산동,24.0,80.0,4.333333333333333,0.0,3.0,4.333333333333333
서울,롯데시티호텔 마포,마포구,공덕동,24.0,360.0,4.5,0.0,1.5,4.5
경기,라비돌리조트컨트리클럽,화성시,정남면,24.0,660.0,3.5,0.0,1.0,3.0
인천,송도센트럴파크호텔,연수구,송도동,24.0,438.0,4.0,0.6,1.0,4.0
경기,호텔M스토리,수원시,팔달구,24.0,765.0,4.0,0.0,1.0,4.0
서울,JK블라썸호텔,강서구,염창동,24.0,495.0,2.5,0.0,1.0,1.0
경기,더포레스트원,양평군,청운면,24.0,375.0,4.5,0.5,10.0,4.5
경기,에이스모텔,양평군,용문면,24.0,195.0,3.0,0.0,0.0,3.0
서울,소테츠프레사 인서울명동,중구,명동2가,24.0,75.0,3.5,0.75,2.0,3.5
경기,설악하우스,시흥시,정왕동,24.0,120.0,4.0,0.0,1.0,4.0
서울,더캡슐 명동점,중구,예관동,24.0,170.0,3.0,0.3333333333333333,1.0,3.333333333333333
서울,호텔컬리넌 종로,종로구,낙원동,24.0,105.0,4.0,0.0,0.0,4.0
서울,호텔더디자이너스 동대문,중구,쌍림동,24.0,105.0,4.0,0.0,1.0,4.0
경기,스테이온디엣지 풀램핑,가평군,청평면,24.0,710.0,5.0,0.0,3.0,5.0
강원,하이오션 경포,강릉시,안현동,24.0,100.0,4.333333333333333,0.0,1.3333333333333333,4.333333333333333
경기,가평 이든펜션,가평군,북면,24.0,195.0,3.0,0.0,1.0,3.0
경기,라팡드포레펜션,양평군,단월면,24.0,195.0,4.0,0.0,2.0,4.0
서울,호텔 스카이파크 킹스타운 동대문점,중구,을지로6가,24.0,735.0,4.5,0.0,0.5,4.5
서울,H에비뉴 건대점,광진구,화양동,24.0,90.0,5.0,0.0,1.0,5.0
서울,공군호텔,영등포구,신길동,24.0,75.0,5.0,0.0,0.0,5.0
인천,루비관광호텔 월미도,중구,북성동1가,24.0,90.0,3.0,0.5,1.0,3.0
인천,인천스테이호텔,연수구,옥련동,24.0,765.0,5.0,0.0,1.0,5.0
서울,웨스틴조선 서울지점,중구,소공동,24.0,1425.0,5.0,1.0,1.0,5.0
서울,글래드 마포,마포구,도화동,24.0,705.0,5.0,0.0,1.0,5.0
서울,하이서울유스호스텔,영등포구,영등포동7가,24.0,135.0,5.0,0.0,1.0,4.5
서울,용산푸르지오파크타운2단지아파트 207동,용산구,동빙고동,24.0,200.0,4.333333333333333,0.3333333333333333,9.0,4.0
경기,현대썬앤빌오피스텔,고양시,덕양구,24.0,108.0,3.0,0.8,1.0,3.2
서울,더리프 사당,관악구,남현동,24.0,75.0,4.0,0.0,3.0,4.0
경기,하이팰리스 풀빌라펜션,가평군,청평면,24.0,405.0,5.0,0.5,3.0,5.0
서울,신라스테이 서초,서초구,서초동,24.0,135.0,3.0,0.5,2.0,3.0
경기,코트야드 바이메리어트 서울 판교,성남시,분당구,24.0,187.5,5.0,1.0,3.0,5.0
경기,제부비치콘도,화성시,서신면,24.0,135.0,3.0,0.0,1.0,3.0
서울,엠앤럭키호텔,종로구,돈의동,24.0,105.0,4.0,0.5,9.5,4.0
서울,호텔쿠레타케소 인사동,종로구,인사동,24.0,75.0,4.0,0.0,1.0,4.0
서울,호텔아트리움 종로,종로구,인의동,24.0,75.0,5.0,0.5,3.0,5.0
경기,벨라스위트호텔,수원시,팔달구,24.0,225.0,4.0,0.5,1.0,4.0
경기,프렌즈키즈풀빌라,포천시,영북면,24.0,450.0,2.0,0.0,3.0,2.0
서울,크라운호텔,종로구,낙원동,24.0,345.0,3.0,0.5,2.0,3.0
제주특별자치도,호텔케니모슬포,서귀포시,대정읍,24.0,258.0,4.5,0.1,0.7,4.1
제주특별자치도,더베스트제주성산,서귀포시,성산읍,24.0,141.0,4.1,0.7,1.0,4.1
제주특별자치도,호텔스위트캐슬,제주시,조천읍,24.0,162.0,4.4,0.0,1.0,4.0
제주특별자치도,리치호텔,제주시,애월읍,24.0,150.0,5.0,0.0,0.8,5.0
전북,호텔IMT,군산시,나운동,24.0,150.0,3.0,0.5,1.0,3.0
인천,호텔월,남동구,논현동,24.0,630.0,3.5,0.0,0.0,4.0
서울,H에비뉴 이대점,마포구,노고산동,24.0,412.5,3.0,0.0,3.0,2.75
경기,이천미란다호텔,이천시,안흥동,24.0,160.0,5.0,0.0,2.0,5.0
경기,남이섬리베라펜션,가평군,가평읍,24.0,60.0,5.0,0.0,2.0,5.0
서울,호텔케이월드,광진구,자양동,24.0,45.0,2.5,0.0,1.0,1.0
인천,인천환경공단 송도스포츠파크 캠핑장,연수구,송도동,24.0,330.0,5.0,1.0,1.0,5.0
경기,새와참새,가평군,설악면,24.0,690.0,2.5,1.0,3.0,2.0
경기,알멕스랜드,연천군,왕징면,24.0,930.0,5.0,1.0,2.0,5.0
서울,해밀톤호텔,용산구,이태원동,24.0,555.0,5.0,0.0,2.0,5.0
서울,명동멀린호텔,중구,충무로5가,24.0,60.0,4.0,0.0,3.0,4.0
서울,코리아나호텔,중구,태평로1가,24.0,120.0,4.0,0.0,3.0,3.0
경기,호텔푸르미르,화성시,안녕동,24.0,135.0,3.0,0.5,2.0,2.0
경기,탑클라우드호텔 수원점,수원시,장안구,24.0,780.0,5.0,0.5,0.0,5.0
경기,용설호수캠핑장,안성시,죽산면,24.0,400.0,4.0,1.0,0.0,4.0
서울,렉시호텔,강남구,역삼동,24.0,280.0,3.333333333333333,0.0,0.0,3.333333333333333
인천,홀리데이인인천송도,연수구,송도동,24.0,120.0,4.0,0.6666666666666666,0.0,4.0
경기,CS프리미어호텔,안양시,만안구,24.0,1090.0,3.0,0.0,1.0,3.0
서울,호텔스카이파크 동대문1호점,중구,오장동,24.0,80.0,2.333333333333333,0.6666666666666666,1.0,2.333333333333333
경남,호텔시카고,진주시,장대동,24.0,195.0,5.0,0.0,1.0,5.0
경기,그래비티 서울 판교 오토그래프컬렉션,성남시,분당구,24.0,75.0,5.0,0.0,2.0,5.0
서울,라이즈오토그래프컬렉션,마포구,서교동,24.0,180.0,4.5,0.0,1.0,4.5
경기,모짜르트캠핑장,양평군,단월면,24.0,330.0,5.0,1.0,4.0,5.0
경기,지안힐링라운지,가평군,설악면,24.0,480.0,5.0,0.5,2.0,5.0
서울,3게스트하우스,중구,남산동2가,24.0,75.0,4.0,0.5,1.0,3.0
경기,라임오렌지펜션,양평군,옥천면,24.0,105.0,4.0,0.0,1.0,5.0
경기,유명산밸리캠핑장,가평군,설악면,24.0,660.0,4.0,0.5,1.0,4.0
강원,제이드펜션,춘천시,남산면,24.0,240.0,5.0,0.0,1.0,5.0
전북,마루호텔,군산시,신영동,24.0,510.0,4.333333333333333,0.6666666666666666,1.3333333333333333,4.333333333333333
경기,대부도 로그인 펜션,안산시,단원구,24.0,480.0,2.0,0.0,14.0,2.0
서울,스위스모텔,종로구,충신동,24.0,560.0,1.3333333333333333,0.6666666666666666,0.0,1.6666666666666667
경기,호텔썬스테이,용인시,처인구,24.0,525.0,5.0,0.5,2.0,5.0
경기,양평부림오토캠핑장,양평군,개군면,24.0,945.0,5.0,0.0,2.0,4.5
서울,오마이게스트하우스,종로구,신교동,24.0,75.0,1.0,0.0,0.0,1.0
서울,호텔릿,중구,남대문로5가,24.0,315.0,2.5,0.5,0.0,3.0
서울,소설호텔,서초구,서초동,24.0,135.0,3.0,0.0,0.0,3.0
경기,호텔이쁘다,양주시,옥정동,24.0,90.0,5.0,0.0,3.0,5.0
경기,M&M펜션,가평군,청평면,24.0,195.0,5.0,0.0,4.0,5.0
경기,더힐하우스호텔 양평,양평군,강하면,24.0,720.0,3.5,0.0,7.0,4.0
서울,에이큐브호텔,중구,을지로5가,24.0,255.0,4.5,0.5,3.0,5.0
서울,호텔그림,종로구,낙원동,24.0,130.0,3.0,0.0,0.0,3.0
인천,블루오션레지던스호텔,중구,중산동,24.0,132.0,3.8,0.2,1.0,3.6
인천,오크우드프리미어 인천,연수구,송도동,24.0,142.5,4.25,0.0,3.0,4.0
인천,파라다이스시티,중구,운서동,24.0,264.0,5.0,0.4,2.8,5.0
서울,포레스타호텔,은평구,대조동,24.0,210.0,4.0,0.5,1.0,4.0
서울,카리스호텔,관악구,남현동,24.0,330.0,3.0,0.0,1.0,3.0
경남,노마드호텔,김해시,어방동,24.0,120.0,3.0,0.0,1.0,3.0
서울,웨스틴조선 서울,중구,소공동,24.0,75.0,4.5,1.0,1.0,4.5
서울,대우도씨에빛1오피스텔,서초구,서초동,24.0,1395.0,4.0,0.0,3.0,4.0
경기,르노모텔,수원시,팔달구,24.0,67.5,5.0,1.0,0.0,5.0
서울,DW스테이,마포구,연남동,24.0,30.0,1.0,0.0,2.0,1.0
경기,래미안광교아파트,수원시,영통구,24.0,90.0,4.5,1.0,4.0,4.5
경기,룩소르호텔,고양시,일산서구,24.0,750.0,3.0,0.0,1.0,3.0
경기,포근펜션,가평군,가평읍,24.0,165.0,3.0,0.5,1.0,1.5
인천,이코노미호텔 인천부평점,부평구,갈산동,24.0,870.0,5.0,0.0,1.0,5.0
경기,해자연캠핑장,남양주시,오남읍,24.0,945.0,4.0,0.5,1.0,4.0
경기,한라비발디캠퍼스2차아파트,시흥시,배곧동,24.0,90.0,5.0,1.0,0.0,5.0
경기,W지우리조트,가평군,가평읍,24.0,397.5,5.0,0.25,2.0,5.0
강원,이팝리조트,춘천시,동내면,24.0,165.0,5.0,0.0,2.0,5.0
서울,코리아게스트하우스,종로구,화동,24.0,90.0,5.0,0.5,5.0,5.0
서울,올빛 게스트하우스,마포구,동교동,24.0,135.0,5.0,0.5,2.0,5.0
서울,오리엔스호텔앤레지던스,중구,예장동,24.0,90.0,5.0,0.0,4.0,5.0
강원,쏠하우스,강릉시,안현동,24.0,165.0,4.0,1.0,1.0,4.0
강원,호텔코지,춘천시,소양로3가,24.0,105.0,3.5,0.0,1.0,3.0
제주특별자치도,나인스파빌,제주시,애월읍,24.0,228.0,3.6,0.0,2.0,3.4
서울,버틀러리 제이엘,마포구,동교동,24.0,37.5,4.75,0.0,1.0,4.75
강원,연곡해변 솔향기캠핑장,강릉시,연곡면,24.0,920.0,5.0,0.3333333333333333,1.6666666666666667,5.0
서울,조선팰리스 서울강남,강남구,역삼동,24.0,270.0,5.0,1.0,1.0,5.0
경기,곤지암리조트 L빌리지,광주시,도척면,24.0,60.0,5.0,0.5,1.0,5.0
경기,마이다스호텔&리조트,가평군,청평면,24.0,90.0,5.0,0.0,2.0,5.0
경기,샘이플펜션,가평군,가평읍,24.0,405.0,5.0,0.5,3.0,5.0
경기,디오르펜션,가평군,상면,24.0,120.0,3.0,0.0,1.0,2.0
경기,파주 그라체호텔 금촌점,파주시,금촌동,24.0,165.0,4.0,0.5,1.0,4.0
경기,블루힐모텔,평택시,현덕면,24.0,180.0,3.0,0.0,0.0,3.0
경기,아도니스아트힐호텔,포천시,신북면,24.0,150.0,5.0,0.5,1.0,5.0
경기,연인산리조트,가평군,북면,24.0,45.0,1.5,0.0,1.0,1.5
서울,몽호텔,종로구,관철동,24.0,930.0,1.0,0.0,2.0,1.0
경기,캠핑소리251,가평군,설악면,24.0,315.0,5.0,0.0,3.0,4.0
경기,호텔라엘르,고양시,덕양구,24.0,345.0,5.0,0.0,0.0,5.0
경기,호텔아르떼,수원시,팔달구,24.0,200.0,4.0,0.0,1.0,4.333333333333333
서울,코보스호텔,영등포구,여의도동,24.0,165.0,3.0,0.0,1.0,3.0
서울,이비스앰배서더 서울명동,중구,명동1가,24.0,210.0,5.0,0.0,1.0,5.0
서울,더플라자,중구,태평로2가,24.0,650.0,4.666666666666667,0.6666666666666666,1.0,4.666666666666667
서울,목시서울인사동,종로구,낙원동,24.0,75.0,4.5,1.0,1.0,4.5
서울,샘호텔,강동구,길동,24.0,750.0,3.5,0.5,0.0,4.5
서울,신라스테이 서대문,서대문구,미근동,24.0,70.0,2.0,0.3333333333333333,3.0,1.6666666666666667
경기,아띠 캠핑장,연천군,군남면,24.0,705.0,3.0,0.0,3.0,3.0
경기,지지밸리유명산장 오토캠핑장,가평군,설악면,24.0,250.0,5.0,1.0,3.0,5.0
서울,포포인츠 바이 쉐라톤 조선 서울명동,중구,저동2가,24.0,165.0,5.0,1.0,1.0,5.0
서울,JW메리어트동대문스퀘어서울,종로구,종로6가,24.0,547.5,5.0,0.75,7.0,5.0
서울,시그니엘 서울,송파구,신천동,24.0,160.0,5.0,0.0,2.0,5.0
경기,소노캄고양 웨스트타워,고양시,일산동구,24.0,165.0,1.0,1.0,3.0,1.0
경기,까사노블풀빌라,가평군,가평읍,24.0,195.0,3.5,0.0,3.0,3.5
경기,동탄센트럴파크오피스텔,화성시,반송동,24.0,135.0,5.0,1.0,1.0,5.0
서울,코트야드 바이메리어트 서울타임스퀘어,영등포구,영등포동4가,24.0,705.0,5.0,0.0,3.0,5.0
강원,낙산비치호텔,양양군,강현면,24.0,240.0,4.0,0.6666666666666666,0.6666666666666666,4.0
경기,어반스테이 동탄,화성시,반송동,24.0,390.0,5.0,0.0,3.0,4.5
인천,호텔더디자이너스 인천점,남동구,구월동,24.0,510.0,3.0,1.0,1.0,2.6666666666666665
경기,평택비전지웰푸르지오아파트,평택시,용이동,24.0,705.0,2.5,1.0,0.0,5.0
경기,산운마을2단지월든힐스,성남시,분당구,24.0,330.0,5.0,1.0,3.0,5.0
대구,루오호텔,수성구,대흥동,24.0,45.0,4.5,0.0,1.0,4.0
경기,마음농장위드스테이,남양주시,조안면,24.0,210.0,5.0,0.5,1.0,5.0
경기,그린힐펜션,포천시,영북면,24.0,180.0,5.0,0.0,1.0,5.0
서울,본동신동아아파트,동작구,본동,24.0,180.0,4.0,1.0,1.0,4.666666666666667
경기,호텔달,수원시,팔달구,24.0,40.0,5.0,0.6666666666666666,0.0,5.0
경기,힐링숲펜션,용인시,수지구,24.0,615.0,3.0,0.0,6.0,3.0
경기,하늘도화지펜션,포천시,이동면,24.0,195.0,3.0,0.0,3.0,3.0
인천,쉐라톤그랜드 인천호텔,연수구,송도동,24.0,30.0,5.0,1.0,2.0,4.5
경기,가평 숲으로가는길 펜션,가평군,상면,24.0,360.0,3.0,0.0,8.0,3.0
인천,아제라호텔,연수구,청학동,24.0,80.0,3.0,0.6666666666666666,0.0,2.6666666666666665
경기,양주패밀리캠핑장,양주시,삼숭동,24.0,855.0,4.0,0.5,13.0,4.0
경기,에쿠스모텔,수원시,장안구,24.0,810.0,2.0,0.0,1.0,2.0
서울,코트야드 바이메리어트 서울 보타닉파크,강서구,마곡동,24.0,126.0,4.0,0.6,2.0,4.0
인천,로얄엠포리움호텔,중구,중산동,24.0,165.0,3.25,0.0,1.0,3.5
경기,해슬리나인브릿지CC,여주시,연라동,24.0,465.0,4.5,1.0,3.0,4.5
서울,로이넷호텔 서울마포,마포구,도화동,24.0,225.0,4.0,0.0,0.0,4.0
강원,밀브릿지,평창군,진부면,24.0,660.0,5.0,0.0,3.0,5.0
부산,호텔1,수영구,광안동,24.0,360.0,3.0,0.3333333333333333,0.0,3.0
부산,오션투헤븐 호텔&스파,중구,남포동6가,24.0,285.0,5.0,0.5,0.0,5.0
부산,롯데호텔 부산,부산진구,부전동,24.0,82.5,5.0,0.25,3.0,5.0
부산,코오롱씨클라우드호텔,해운대구,중동,24.0,60.0,4.0,0.0,3.0,4.0
강원,한눈에바다펜션,강릉시,사천면,24.0,90.0,5.0,0.3333333333333333,0.0,5.0
강원,켄싱턴호텔 평창,평창군,진부면,24.0,454.2857142857143,3.857142857142857,0.5714285714285714,1.8571428571428568,3.7142857142857135
부산,그랜드조선 부산,해운대구,중동,24.0,180.0,4.8,0.0,2.6,4.6
강원,회동솔향캠핑장,정선군,정선읍,24.0,195.0,4.0,1.0,3.0,4.5
부산,녹천온천호텔,동래구,온천동,24.0,150.0,3.5,0.5,2.0,3.5
대구,대구메리어트호텔,동구,신천동,24.0,145.0,5.0,0.1666666666666666,1.0,5.0
강원,파크로쉬리조트앤웰니스,정선군,북평면,24.0,150.0,4.833333333333333,0.0,1.0,4.833333333333333
경북,코모도호텔 경주,경주시,신평동,24.0,130.0,4.0,0.0,2.0,4.0
강원,소노캄 델피노,고성군,토성면,24.0,210.0,4.0,0.3333333333333333,2.6666666666666665,4.0
강원,필그림게스트하우스,강릉시,강문동,24.0,210.0,5.0,0.0,0.0,5.0
대구,노마즈하우스오피스텔,중구,교동,24.0,120.0,4.0,0.0,1.0,4.0
부산,아난티코브,기장군,기장읍,24.0,540.0,5.0,1.0,4.0,5.0
강원,호텔 루이스,강릉시,옥천동,24.0,210.0,3.0,0.3333333333333333,0.0,3.0
경기,앤모텔,여주시,연양동,24.0,345.0,4.5,0.0,0.5,4.5
경북,아모르무인텔,문경시,점촌동,24.0,525.0,4.0,0.0,1.0,3.5
강원,스카이베이 경포,강릉시,강문동,24.0,180.0,4.0,0.0,1.0,4.0
경북,넘버25호텔 포항대잠점,포항시,남구,24.0,90.0,4.0,0.0,1.0,4.0
강원,쏠비치 삼척,삼척시,갈천동,24.0,234.0,4.6,1.0,1.2,4.2
강원,비치힐풀빌라,삼척시,오분동,24.0,135.0,4.0,0.0,1.0,5.0
강원,그리다강릉,강릉시,교동,24.0,112.5,4.5,0.0,1.0,4.5
부산,호텔라온,해운대구,송정동,24.0,225.0,5.0,1.0,2.0,5.0
경북,알토호텔,영주시,휴천동,24.0,255.0,5.0,0.0,0.0,5.0
부산,이안테라디움광안오피스텔,수영구,민락동,24.0,510.0,3.333333333333333,0.0,3.0,3.333333333333333
강원,한화리조트 설악쏘라노,속초시,장사동,24.0,90.0,5.0,0.0,1.0,5.0
강원,해든호텔,속초시,교동,24.0,157.5,3.75,0.0,0.25,3.75
부산,노떼라미아호텔,동구,초량동,24.0,890.0,4.666666666666667,0.3333333333333333,1.0,4.666666666666667
경북,해오름펜션,청도군,운문면,24.0,232.5,5.0,0.0,13.0,5.0
부산,페어필드 바이메리어트 부산,해운대구,중동,24.0,105.0,5.0,1.0,1.0,5.0
강원,탑스텐호텔,강릉시,옥계면,24.0,450.0,3.0,0.0,2.0,3.0
강원,썬크루즈호텔&리조트,강릉시,강동면,24.0,210.0,4.75,0.25,2.0,4.5
강원,삼척펜션오라,삼척시,근덕면,24.0,240.0,2.5,0.0,1.0,2.5
부산,호텔G7,부산진구,범천동,24.0,165.0,2.0,0.5,0.0,2.0
전북,브라운도트 부안변산점,부안군,부안읍,24.0,200.0,5.0,0.6666666666666666,0.0,4.333333333333333
강원,용펜션,양양군,강현면,24.0,340.0,5.0,0.6666666666666666,2.0,5.0
대구,아리아나호텔,수성구,두산동,24.0,135.0,4.0,0.0,1.0,4.0
경북,북홈게스트하우스,경주시,신평동,24.0,150.0,5.0,1.0,0.0,5.0
경북,낙안재,경주시,사정동,24.0,135.0,4.0,0.0,1.0,4.0
경북,라한셀렉트 경주,경주시,신평동,24.0,260.0,4.833333333333333,0.1666666666666666,1.3333333333333333,4.833333333333333
경북,아이콘모텔,경주시,노서동,24.0,795.0,2.5,0.0,1.0,2.5
강원,롯데리조트 속초,속초시,대포동,24.0,102.0,4.6,0.0,0.4,4.6
부산,라발스호텔,영도구,봉래동1가,24.0,144.0,4.6,0.0,0.4,4.6
부산,한화리조트 해운대,해운대구,우동,24.0,510.0,4.0,0.5,2.0,4.0
강원,하늘그린캠프,인제군,상남면,24.0,510.0,4.0,0.5,1.0,4.0
강원,신안종합리조트,횡성군,둔내면,24.0,240.0,5.0,0.0,3.0,5.0
강원,소호259하우스,속초시,동명동,24.0,75.0,4.0,0.0,0.0,3.5
제주특별자치도,호텔하루,제주시,연동,24.0,180.0,2.0,0.0,1.0,2.0
제주특별자치도,해뜨는성펜션,서귀포시,성산읍,24.0,165.0,5.0,0.0,1.5,5.0
부산,웨스틴조선호텔 부산점,해운대구,우동,24.0,190.0,4.5,0.8333333333333334,1.5,4.5
부산,페어필드바이메리어트 부산송도비치,서구,암남동,24.0,140.0,4.0,0.0,0.0,4.0
강원,J블럭,강릉시,옥천동,24.0,90.0,4.5,0.5,0.0,2.5
강원,켄싱턴리조트 설악밸리,고성군,토성면,24.0,262.5,4.5,0.0,5.0,4.5
강원,라마다호텔&스위트 평창,평창군,대관령면,24.0,225.0,4.0,0.0,0.0,4.0
경북,시에나게스트하우스,경주시,구황동,24.0,105.0,4.0,0.0,1.0,4.0
경북,리버틴호텔 경주점,경주시,노서동,24.0,247.5,4.5,0.75,0.25,4.5
경북,한화리조트 경주,경주시,북군동,24.0,160.0,4.333333333333333,0.6666666666666666,3.6666666666666665,4.333333333333333
울산,토요코인호텔 울산삼산점,남구,삼산동,24.0,105.0,5.0,0.0,3.0,5.0
부산,켄트호텔 광안리 by 켄싱턴,수영구,광안동,24.0,52.5,3.75,0.0,3.0,3.75
강원,소노벨비발디파크 D동,홍천군,서면,24.0,120.0,5.0,0.0,1.0,5.0
강원,강릉씨티호텔,강릉시,교동,24.0,180.0,4.0,1.0,1.0,4.0
강원,블루호라이즌,속초시,조양동,24.0,105.0,3.5,0.0,1.0,3.0
강원,라마다호텔 속초,속초시,대포동,24.0,60.0,4.0,0.5,2.0,4.0
경북,영덕바다소리펜션,영덕군,강구면,24.0,150.0,5.0,0.0,2.0,3.0
강원,센텀마크호텔 양양,양양군,양양읍,24.0,465.0,4.0,0.0,1.0,4.0
강원,셀몬모텔,강릉시,교동,24.0,270.0,3.0,0.0,1.0,3.0
강원,오션투유리조트 속초설악비치 호텔앤콘도,고성군,죽왕면,24.0,405.0,4.5,0.5,6.0,4.25
강원,체스터톤스속초,속초시,교동,24.0,228.0,4.6,0.4,4.4,4.6
경북,STX리조트,문경시,농암면,24.0,130.0,5.0,1.0,5.0,5.0
강원,오크밸리리조트 골프콘도B동,원주시,지정면,24.0,195.0,4.5,1.0,5.0,4.5
강원,에스파스호스텔,춘천시,효자동,24.0,90.0,3.5,0.0,0.0,3.5
강원,강문애게스트하우스,강릉시,강문동,24.0,322.5,4.5,0.0,0.5,4.0
경북,INN경주게스트호텔,경주시,성건동,24.0,60.0,4.0,0.5,0.0,4.0
부산,르컬렉티브 부산역,동구,초량동,24.0,110.0,5.0,0.0,3.0,5.0
강원,백도해수욕장오토캠핑장,고성군,죽왕면,24.0,520.0,4.0,0.6666666666666666,7.0,4.0
경북,가야미니호텔,경주시,황오동,24.0,80.0,2.6666666666666665,0.3333333333333333,0.0,3.0
부산,그레이193,수영구,민락동,24.0,705.0,3.5,0.0,2.0,3.0
부산,라마다앙코르해운대호텔,해운대구,우동,24.0,84.0,3.6,0.6,1.0,3.6
경북,문수산 자연휴양림 야영장,봉화군,봉성면,24.0,645.0,5.0,0.5,1.0,5.0
경북,아쿠아베이,포항시,남구,24.0,135.0,5.0,0.0,2.0,5.0
대구,부띠끄시티테라스3차오피스텔,동구,신천동,24.0,105.0,5.0,1.0,0.0,5.0
대구,동대구유성푸르나임오피스텔,동구,신천동,24.0,45.0,5.0,0.0,0.5,5.0
강원,피카소호텔,동해시,천곡동,24.0,105.0,4.0,0.5,3.0,4.0
강원,컨피네스오션스위트,강릉시,사천면,24.0,150.0,5.0,0.0,2.0,5.0
부산,시티호텔,동구,초량동,24.0,285.0,4.0,0.0,1.0,4.0
부산,라마다앙코르 부산역호텔,동구,초량동,24.0,192.0,4.4,0.6,0.4,4.4
경북,씨스톤펜션,포항시,북구,24.0,120.0,4.0,0.5,1.0,4.5
경북,황룡원,경주시,신평동,24.0,150.0,5.0,1.0,1.0,5.0
강원,만월도,양양군,현남면,24.0,75.0,3.5,0.5,0.0,3.5
경남,라포르,사천시,사천읍,24.0,45.0,3.0,0.0,3.0,3.0
부산,다온채,수영구,민락동,24.0,150.0,4.5,0.5,1.0,4.5
부산,르컬렉티브 오시리아,기장군,기장읍,24.0,160.0,5.0,0.0,1.0,5.0
부산,씨엘오션호텔,강서구,명지동,24.0,150.0,5.0,0.0,0.0,4.5
경남,다온호텔,김해시,어방동,24.0,90.0,2.0,0.5,0.0,1.0
경북,덕구온천리조트,울진군,북면,24.0,120.0,4.0,1.0,4.0,4.0
강원,KT&G상상마당 춘천,춘천시,삼천동,24.0,255.0,4.0,1.0,3.0,4.0
강원,주문진라일플로리스4차,강릉시,주문진읍,24.0,300.0,3.0,1.0,9.0,3.0
경북,잎새달스므날,경주시,황남동,24.0,105.0,1.5,0.0,1.0,1.5
강원,동해보양온천컨벤션호텔 별관,동해시,망상동,24.0,190.0,5.0,0.0,6.0,5.0
강원,동해보양온천컨벤션호텔,동해시,망상동,24.0,225.0,3.5,0.0,5.25,3.5
강원,소노벨비발디파크 B동,홍천군,서면,24.0,300.0,4.5,0.5,2.0,4.5
경북,락희원한옥민박,경주시,황남동,24.0,140.0,5.0,0.0,1.0,5.0
경북,우리들펜션,포항시,남구,24.0,180.0,1.0,0.0,1.0,1.0
울산,롯데시티호텔 울산,남구,달동,24.0,90.0,4.0,0.0,1.0,4.0
경북,오릉한옥게스트하우스,경주시,사정동,24.0,150.0,5.0,0.0,1.0,5.0
경북,KT경주수련관,경주시,신평동,24.0,460.0,5.0,1.0,1.0,5.0
경북,고와스테이,경주시,사정동,24.0,150.0,3.0,0.0,1.0,2.0
강원,어반스테이 속초등대점,속초시,영랑동,24.0,780.0,4.5,0.0,1.0,4.5
경북,벤투스풀빌라,경주시,천북면,24.0,195.0,4.0,0.0,3.0,4.0
경북,경주호랑이펜션,경주시,천북면,24.0,240.0,3.0,1.0,9.0,3.0
경북,아실리펜션,울진군,금강송면,24.0,420.0,4.0,0.0,4.0,4.0
강원,한화리조트 설악별관,속초시,장사동,24.0,262.5,1.75,0.0,5.0,2.0
강원,더샵펜션,고성군,현내면,24.0,150.0,5.0,0.5,3.0,5.0
부산,베니키아해운대호텔마리안느,해운대구,중동,24.0,45.0,4.0,0.0,1.0,3.5
부산,이비스앰배서더호텔 부산시티센터점,부산진구,부전동,24.0,735.0,4.0,0.0,3.0,4.0
강원,화천광바위펜션,화천군,하남면,24.0,195.0,3.0,0.5,0.0,3.0
부산,웻에버,수영구,민락동,24.0,195.0,5.0,0.0,1.0,5.0
경북,슬로우오션&히든포레스트풀빌라,포항시,북구,24.0,290.0,4.0,0.0,1.0,4.0
강원,발리까미펜션,강릉시,저동,24.0,150.0,5.0,0.0,1.0,5.0
강원,속초휘테,속초시,동명동,24.0,195.0,4.0,0.0,1.0,4.0
강원,은빛바다펜션,양양군,강현면,24.0,165.0,5.0,0.0,6.0,5.0
부산,넘버25 남포대청점,중구,대청동2가,24.0,80.0,2.0,0.3333333333333333,3.0,3.0
경남,U모텔,산청군,산청읍,24.0,180.0,5.0,0.5,0.0,5.0
경남,한화리조트 거제벨버디어,거제시,장목면,24.0,306.0,4.6,0.0,2.0,4.4
경남,바덴펜션,남해군,삼동면,24.0,180.0,4.0,0.0,2.0,4.0
경북,숲머리민박,경주시,보문동,24.0,170.0,3.6666666666666665,0.0,4.0,3.0
부산,모임 미니 호텔,수영구,광안동,24.0,45.0,5.0,0.0,3.0,5.0
대구,칸모텔,동구,신암동,24.0,80.0,4.333333333333333,0.3333333333333333,1.0,4.333333333333333
경북,포데로사게스트하우스,포항시,북구,24.0,75.0,3.5,0.5,0.0,3.5
울산,태화연오토캠핑장,중구,태화동,24.0,225.0,4.5,0.5,3.0,4.5
경북,펜션다솔강,경주시,배동,24.0,150.0,4.5,0.0,2.0,4.0
강원,설해원,양양군,손양면,24.0,105.0,5.0,1.0,3.0,5.0
강원,하이원그랜드호텔,정선군,사북읍,24.0,135.0,4.0,0.0,3.0,4.0
경북,미드나잇 인 경주,경주시,성동동,24.0,367.5,5.0,0.5,1.0,5.0
울산,VIP호텔,남구,삼산동,24.0,735.0,3.0,0.5,0.0,3.0
강원,강릉별당,강릉시,포남동,24.0,530.0,5.0,0.3333333333333333,1.0,5.0
경북,경주봉황맨션,경주시,노동동,24.0,105.0,4.0,0.0,1.0,4.0
경북,풍뎅이스테이,경주시,진현동,24.0,60.0,3.0,0.0,0.0,3.0
부산,블루밍,부산진구,부전동,24.0,705.0,3.0,0.0,1.0,3.0
경북,황오1976,경주시,황오동,24.0,165.0,5.0,0.0,2.0,5.0
강원,용평리조트 그린피아콘도,평창군,대관령면,24.0,160.0,4.0,0.0,3.0,4.0
경북,별고을오토캠핑장,성주군,금수면,24.0,430.0,4.0,0.6666666666666666,4.0,3.333333333333333
제주특별자치도,더호텔,서귀포시,서귀동,24.0,135.0,4.0,0.5,1.0,4.5
경북,SL호텔,경주시,충효동,24.0,75.0,4.5,0.0,1.0,4.5
경북,프룩스플럭스호텔,경주시,양남면,24.0,590.0,5.0,0.0,1.6666666666666667,5.0
경남,창원M모텔,창원시,성산구,24.0,795.0,5.0,0.0,1.0,5.0
울산,64인호텔,남구,삼산동,24.0,30.0,2.0,0.0,1.0,1.0
부산,파라다이스호텔 부산,해운대구,중동,24.0,190.0,5.0,0.3333333333333333,1.0,5.0
경북,샤르망펜션,경주시,동방동,24.0,345.0,3.5,0.5,5.0,3.5
강원,더베네치아스위트호텔,춘천시,효자동,24.0,45.0,4.0,0.0,0.5,4.0
강원,봄스테이,춘천시,효자동,24.0,580.0,4.666666666666667,0.3333333333333333,0.6666666666666666,5.0
강원,라카이샌드파인,강릉시,안현동,24.0,277.5,4.25,0.5,2.0,4.25
부산,어반스테이 서면,부산진구,부전동,24.0,105.0,4.0,1.0,0.0,4.0
부산,호텔라인,연제구,연산동,24.0,60.0,4.0,0.0,0.0,4.0
강원,오크밸리리조트 스키콘도D,원주시,지정면,24.0,165.0,4.0,0.0,11.0,4.0
제주특별자치도,청춘게스트하우스,서귀포시,서귀동,24.0,180.0,5.0,0.0,0.0,5.0
경북,비다펠리즈풀빌라,포항시,남구,24.0,180.0,5.0,0.0,3.0,5.0
부산,더반호텔 해운대점,해운대구,우동,24.0,165.0,4.5,0.0,2.0,4.5
경북,물리적공간,경주시,천북면,24.0,600.0,5.0,0.0,3.0,5.0
강원,씨크루즈호텔속초,속초시,청학동,24.0,80.0,4.333333333333333,0.6666666666666666,1.0,4.333333333333333
강원,썬라이즈호텔,속초시,금호동,24.0,120.0,4.0,0.6666666666666666,3.0,4.0
강원,리센오션파크속초A동,속초시,조양동,24.0,150.0,3.5,0.5,1.0,3.5
부산,라찌모텔,해운대구,재송동,24.0,105.0,1.5,0.5,1.0,1.0
강원,쏠비치 양양,양양군,손양면,24.0,120.0,3.25,0.5,1.5,3.25
대구,한옥1957,중구,인교동,24.0,90.0,5.0,0.0,0.0,4.5
대구,토요코인 동성로점,중구,동성로3가,24.0,48.0,4.6,0.2,0.8,4.6
강원,켄싱턴리조트 설악비치,고성군,토성면,24.0,180.0,3.333333333333333,1.0,1.0,3.333333333333333
부산,토요코인호텔 부산해운대2호점,해운대구,우동,24.0,90.0,5.0,1.0,2.0,5.0
부산,그랜드베른호텔,영도구,청학동,24.0,705.0,4.5,0.0,1.0,4.5
강원,씨마크호텔,강릉시,강문동,24.0,66.0,4.8,0.0,1.0,4.6
강원,호텔탑스빌,강릉시,강동면,24.0,735.0,5.0,0.0,0.0,5.0
강원,알로하서프,강릉시,옥계면,24.0,120.0,2.333333333333333,0.6666666666666666,0.0,2.0
경남,화왕산자연휴양림,창녕군,고암면,24.0,180.0,5.0,1.0,0.0,5.0
강원,알펜시아 홀리데이인리조트호텔,평창군,대관령면,24.0,360.0,4.0,0.6666666666666666,2.0,4.0
강원,아이체크현진호텔,동해시,천곡동,24.0,45.0,4.0,0.0,1.0,3.0
경북,포항글램핑앤카라반,포항시,남구,24.0,900.0,5.0,0.5,1.0,5.0
대구,팔공산온천관광호텔,동구,용수동,24.0,75.0,3.5,0.5,1.5,4.0
부산,마리나레지던스호텔,동구,초량동,24.0,420.0,4.0,0.5,0.0,4.0
강원,하이원리조트 힐콘도,정선군,고한읍,24.0,90.0,5.0,0.0,4.0,5.0
강원,마리나베이 속초,속초시,조양동,24.0,45.0,4.5,0.0,2.0,4.5
강원,동명항모아모텔,속초시,동명동,24.0,45.0,3.0,0.0,1.0,3.0
강원,캠핑느루,고성군,토성면,24.0,435.0,5.0,0.5,1.0,5.0
강원,디그니티호텔,양양군,양양읍,24.0,366.0,5.0,0.4,1.0,5.0
강원,게스트하우스 다온,강릉시,교동,24.0,270.0,4.0,0.0,0.0,4.0
강원,매봉힐링쉼터오토캠핑장,원주시,신림면,24.0,1350.0,5.0,1.0,3.0,5.0
강원,거진오션상떼빌아파트,고성군,거진읍,24.0,330.0,4.0,0.0,3.0,4.0
강원,설악빌리지,속초시,조양동,24.0,450.0,1.5,0.0,3.0,1.0
경남,골든튤립호텔남강,진주시,동성동,24.0,90.0,3.0,0.0,1.0,3.5
경남,아시아레이크사이드호텔,진주시,판문동,24.0,75.0,3.0,0.0,1.0,3.0
경북,금은장여인숙,안동시,광석동,24.0,90.0,3.0,1.0,0.0,4.0
경북,락희원,경주시,황남동,24.0,165.0,5.0,0.0,1.0,5.0
경북,블루원리조트,경주시,천군동,24.0,105.0,3.0,0.0,3.0,3.0
강원,에픽서프,양양군,현남면,24.0,375.0,1.0,0.0,1.0,1.0
충남,블루아라펜션,태안군,안면읍,24.0,705.0,3.0,0.5,2.0,4.0
대구,앞산비즈니스호텔,남구,대명동,24.0,45.0,3.0,0.0,0.0,3.0
부산,바다풍경펜션,해운대구,중동,24.0,210.0,3.0,0.0,3.0,3.0
전남,굿데이,광양시,중동,24.0,60.0,4.666666666666667,0.0,0.0,5.0
부산,그리핀베이 호텔,중구,남포동4가,24.0,75.0,4.0,0.0,0.0,4.0
경북,G하우스,경주시,노서동,24.0,970.0,5.0,1.0,1.0,5.0
부산,호텔센트럴베이,수영구,광안동,24.0,100.0,5.0,1.0,2.0,5.0
부산,브라운도트호텔 서면범천점,부산진구,범천동,24.0,510.0,2.75,0.75,1.0,2.0
경북,캐슬모텔,안동시,광석동,24.0,1125.0,3.0,0.0,0.5,3.0
강원,Kt수련관,평창군,용평면,24.0,420.0,5.0,1.0,2.0,5.0
강원,알프스비치,양양군,현북면,24.0,70.0,3.0,0.3333333333333333,3.0,3.0
울산,스타즈호텔 울산점,남구,삼산동,24.0,60.0,4.5,0.75,1.0,4.5
경북,안동그랜드호텔,안동시,성곡동,24.0,220.0,5.0,1.0,2.0,5.0
대구,호텔크라페 성서점,달서구,호림동,24.0,150.0,3.5,0.0,1.0,4.0
강원,플레인호텔,춘천시,삼천동,24.0,210.0,5.0,0.0,1.5,5.0
충남,모드니펜션,태안군,소원면,24.0,120.0,5.0,0.3333333333333333,3.0,5.0
서울,스테이락호텔,중구,충무로4가,24.0,180.0,5.0,0.0,3.0,5.0
강원,망상한옥타운,동해시,망상동,24.0,120.0,3.0,0.0,2.0,3.0
경북,스카이글램핑,경주시,하동,24.0,150.0,5.0,0.0,1.0,5.0
강원,두잇192펜션,고성군,현내면,24.0,360.0,3.333333333333333,0.0,0.0,3.333333333333333
강원,이지무인텔,동해시,부곡동,24.0,135.0,5.0,0.0,1.0,5.0
부산,하운드호텔 기장일광점,기장군,일광읍,24.0,135.0,5.0,0.0,1.0,5.0
강원,올림피아호텔,강릉시,포남동,24.0,190.0,3.6666666666666665,0.3333333333333333,4.0,3.6666666666666665
경북,신라부티크호텔,경주시,노서동,24.0,60.0,1.0,0.0,1.0,1.0
강원,힐스타풀빌라,양양군,서면,24.0,255.0,5.0,0.0,7.0,5.0
대구,H호텔,동구,신천동,24.0,690.0,4.333333333333333,0.6666666666666666,3.0,4.333333333333333
대구,라벨라호텔,중구,삼덕동1가,24.0,135.0,5.0,0.0,0.0,5.0
강원,뉴동해관광호텔,동해시,천곡동,24.0,225.0,5.0,0.5,1.0,5.0
부산,마티에오시리아호텔,기장군,기장읍,24.0,180.0,5.0,0.0,2.0,5.0
부산,더웨이호텔,동구,초량동,24.0,105.0,3.0,0.5,0.0,2.0
강원,용화W펜션,삼척시,근덕면,24.0,90.0,3.0,0.0,1.0,3.0
울산,울산시티호텔,남구,달동,24.0,210.0,4.75,0.5,0.5,4.75
부산,브라운도트호텔 기장연화리점,기장군,기장읍,24.0,75.0,5.0,0.0,1.0,5.0
부산,쌍마모텔,부산진구,부전동,24.0,120.0,4.0,0.3333333333333333,0.0,3.0
강원,비올라펜션,평창군,대관령면,24.0,540.0,4.0,0.3333333333333333,4.0,4.0
경북,힐튼호텔 경주,경주시,신평동,24.0,232.5,4.5,0.25,1.5,4.5
경북,36오도펜션,포항시,북구,24.0,90.0,4.0,0.0,1.0,3.0
경북,아기별키즈풀빌라,포항시,남구,24.0,390.0,4.0,0.5,4.0,4.0
부산,광안에이파크오션오피스텔,수영구,광안동,24.0,255.0,5.0,0.0,1.0,5.0
강원,하이원리조트 마운틴콘도,정선군,고한읍,24.0,502.5,4.0,0.75,3.0,4.0
강원,더블루테라호텔,속초시,조양동,24.0,135.0,3.0,0.0,3.0,3.0
경남,유럽유럽호텔,진주시,장대동,24.0,735.0,5.0,0.5,1.0,5.0
경북,위연재한옥스테이,경주시,황남동,24.0,720.0,5.0,0.0,3.0,5.0
부산,호텔아델라,영도구,대교동1가,24.0,157.5,3.0,0.75,0.0,3.0
강원,어반스테이 속초해변,속초시,조양동,24.0,165.0,3.0,0.0,1.0,3.5
강원,러블리모텔,강릉시,안현동,24.0,765.0,5.0,1.0,1.0,5.0
경북,한옥인,경주시,황남동,24.0,120.0,5.0,0.5,1.0,4.5
강원,아틀란티스펜션,영월군,주천면,24.0,366.0,5.0,0.0,3.0,5.0
부산,이비스앰배서더 부산해운대,해운대구,우동,24.0,155.0,2.5,0.5,0.5,2.833333333333333
부산,이비스버젯앰배서더 부산 해운대,해운대구,우동,24.0,190.0,4.666666666666667,0.3333333333333333,0.6666666666666666,4.666666666666667
강원,더마크속초레지던스호텔,속초시,조양동,24.0,120.0,4.0,0.0,2.0,4.5
경북,씨클라우드펜션,포항시,북구,24.0,615.0,5.0,0.0,5.0,5.0
강원,백야스파&오션뷰펜션,강릉시,안현동,24.0,180.0,5.0,0.0,0.0,5.0
강원,청초하우스,속초시,금호동,24.0,195.0,5.0,0.0,1.0,5.0
강원,모닝비치펜션,양양군,현남면,24.0,150.0,4.0,0.5,0.0,4.0
강원,호텔청초,속초시,조양동,24.0,180.0,5.0,0.5,0.0,5.0
부산,0도,영도구,청학동,24.0,160.0,5.0,0.6666666666666666,1.0,5.0
충북,발리모텔,충주시,동량면,24.0,135.0,3.0,0.5,3.0,3.0
강원,포안캠핑,영월군,무릉도원면,24.0,525.0,5.0,0.5,1.0,5.0
경북,블루노트펜션,경주시,북군동,24.0,130.0,4.666666666666667,0.0,2.0,4.666666666666667
강원,청춘봄봄게스트하우스,춘천시,퇴계동,24.0,150.0,3.0,0.5,0.0,2.0
충남,대천경찰수련원,보령시,신흑동,24.0,420.0,3.333333333333333,0.6666666666666666,1.0,3.333333333333333
경남,오페라하우스펜션,남해군,남면,24.0,330.0,4.0,0.5,4.0,4.0
강원,영월키즈캠핑장,영월군,무릉도원면,24.0,660.0,4.0,0.0,3.0,3.5
강원,패밀리하우스,속초시,교동,24.0,270.0,4.5,0.0,2.0,5.0
강원,이엘호텔,양양군,강현면,24.0,1050.0,3.6666666666666665,0.3333333333333333,2.0,3.6666666666666665
강원,리센오션파크속초,속초시,조양동,24.0,105.0,5.0,0.0,0.0,5.0
부산,시그니엘 부산,해운대구,중동,24.0,112.5,5.0,0.0,1.0,5.0
부산,시그니엘 부산 더뷰,해운대구,중동,24.0,60.0,5.0,0.0,1.0,5.0
강원,페리아902,강릉시,사천면,24.0,160.0,5.0,0.0,2.0,4.666666666666667
경북,국민여가캠핑장,문경시,문경읍,24.0,210.0,5.0,0.0,2.0,5.0
경북,호텔나무,경주시,노서동,24.0,60.0,2.5,0.5,1.0,2.0
강원,동해현진관광호텔,동해시,천곡동,24.0,90.0,4.333333333333333,0.3333333333333333,1.0,4.333333333333333
경북,바람꽃,경주시,탑동,24.0,45.0,3.0,0.5,1.0,2.5
강원,마할로,양양군,현남면,24.0,195.0,5.0,0.0,4.0,5.0
경남,VVIP호텔,김해시,어방동,24.0,45.0,2.0,0.5,1.0,3.0
경북,소백게스트하우스,영주시,영주동,24.0,135.0,3.0,0.0,0.0,3.0
부산,베이몬드호텔,해운대구,우동,24.0,320.0,3.6666666666666665,0.3333333333333333,3.0,3.333333333333333
경북,소노벨 경주,경주시,신평동,24.0,165.0,3.0,0.0,3.5,3.0
강원,에스웨이펜션,강릉시,강문동,24.0,75.0,5.0,0.0,0.0,5.0
경북,라팡시옹펜션,경주시,북군동,24.0,345.0,5.0,0.0,4.0,5.0
강원,꿈의궁전모텔,강릉시,사천면,24.0,320.0,5.0,1.0,1.0,5.0
경북,짝모텔,경산시,삼북동,24.0,810.0,3.5,0.0,1.0,4.5
경북,로또모텔,안동시,태화동,24.0,300.0,1.3333333333333333,0.0,0.0,2.0
경북,J호텔,경주시,노서동,24.0,390.0,4.333333333333333,0.0,1.0,4.0
경북,빙계얼음골 야영장,의성군,가음면,24.0,255.0,5.0,0.5,1.0,5.0
부산,광안스테이,수영구,민락동,24.0,80.0,4.0,0.6666666666666666,3.0,5.0
대구,공감게스트하우스 본점,중구,종로2가,24.0,45.0,4.0,1.0,0.0,4.0
강원,망상제2오토캠핑장,동해시,망상동,24.0,165.0,4.0,0.0,8.0,4.0
강원,설악비치펜션,양양군,강현면,24.0,675.0,5.0,0.5,5.0,5.0
대구,와와모텔,동구,신천동,24.0,300.0,2.0,0.5,3.0,2.0
경북,필로스호텔,포항시,북구,24.0,45.0,2.0,1.0,2.0,2.0
부산,누리다,수영구,민락동,24.0,45.0,3.5,0.5,4.0,3.5
경남,베니키아양산호텔,양산시,동면,24.0,100.0,5.0,0.0,3.0,5.0
강원,복돌네민박,속초시,도문동,24.0,240.0,5.0,0.5,1.0,5.0
강원,놀자펜션,삼척시,근덕면,24.0,465.0,3.5,0.0,7.0,2.5
충남,호텔뷰,보령시,천북면,24.0,195.0,3.5,0.0,1.75,3.5
강원,탑스텐리조트 동강시스타 101동,영월군,영월읍,24.0,165.0,4.0,0.0,6.0,4.0
경북,브라운도트호텔 경주터미널점,경주시,노서동,24.0,210.0,4.5,0.0,1.0,4.5
경북,이데아호텔,포항시,북구,24.0,30.0,4.0,0.0,0.0,4.0
대구,에이치에비뉴 대구동천점,북구,동천동,24.0,750.0,5.0,0.0,1.0,5.0
부산,호텔프리마베라 In BUSAN,수영구,민락동,24.0,225.0,3.5,0.0,1.0,3.0
경북,스테이여우잠,경주시,사정동,24.0,60.0,5.0,0.5,1.0,5.0
부산,오시리아스위첸마티에,기장군,기장읍,24.0,375.0,4.0,0.5,3.0,4.0
부산,더비에스호텔,동구,초량동,24.0,110.0,4.333333333333333,0.0,2.0,4.333333333333333
부산,레이어스호텔 하단점,사하구,하단동,24.0,375.0,3.0,0.5,1.0,3.0
부산,JB디자인관광호텔,해운대구,우동,24.0,210.0,5.0,1.0,2.0,5.0
부산,썬클라우드호텔,해운대구,중동,24.0,75.0,4.5,0.0,3.0,4.0
울산,더에스모텔,남구,달동,24.0,75.0,3.0,0.0,1.0,3.0
부산,호텔야자 광안리점,수영구,민락동,24.0,75.0,5.0,0.0,0.0,5.0
경남,창원월드메르디앙웨스턴애비뉴아파트,창원시,성산구,24.0,500.0,4.666666666666667,1.0,0.0,4.666666666666667
강원,루루펜션,강릉시,사천면,24.0,135.0,4.0,0.5,1.0,4.0
울산,G&G모텔,울주군,삼남읍,24.0,285.0,3.5,0.5,0.0,4.0
경남,뉴라온스테이호텔,진주시,충무공동,24.0,60.0,3.0,0.0,1.0,3.5
강원,양양비치콘도,양양군,양양읍,24.0,270.0,3.0,0.5,2.0,3.0
경북,경주한옥 신달하우스,경주시,사정동,24.0,560.0,5.0,0.0,0.0,5.0
강원,용평리조트 드래곤밸리호텔,평창군,대관령면,24.0,270.0,5.0,0.5,3.0,5.0
강원,조아펜션,고성군,죽왕면,24.0,195.0,3.0,0.0,2.0,3.0
강원,알펜시아리조트,평창군,대관령면,24.0,280.0,5.0,1.0,4.0,5.0
부산,파밀리에게스트하우스,동구,초량동,24.0,30.0,3.5,0.5,6.0,3.5
부산,토요코인호텔 부산역1호점,동구,초량동,24.0,135.0,3.0,1.0,0.0,3.0
경남,나인뷰풀빌라,사천시,송포동,24.0,450.0,4.0,0.5,1.0,2.5
강원,하이원리조트,정선군,고한읍,24.0,60.0,4.5,0.0,1.0,5.0
강원,휘닉스평창 그린동,평창군,봉평면,24.0,210.0,5.0,1.0,2.0,5.0
강원,호텔여기어때 강릉경포점,강릉시,강문동,24.0,60.0,3.0,0.0,1.0,2.5
부산,부산세관 수련원,수영구,남천동,24.0,180.0,2.333333333333333,0.6666666666666666,1.0,2.333333333333333
강원,M9펜션,강릉시,주문진읍,24.0,165.0,4.0,0.0,1.0,3.5
강원,산호펜션,강릉시,강문동,24.0,60.0,3.0,0.0,4.0,3.0
강원,더잭슨나인스호텔,춘천시,근화동,24.0,45.0,3.0,0.5,1.0,3.0
대구,호텔디알토,북구,칠성동2가,24.0,150.0,5.0,0.0,0.0,5.0
부산,스튜디오202,수영구,광안동,24.0,80.0,5.0,0.8333333333333334,1.0,5.0
강원,별빛좋은펜션,영월군,영월읍,24.0,105.0,5.0,0.0,1.0,5.0
강원,청초대우아파트,속초시,교동,24.0,170.0,4.333333333333333,1.0,3.0,4.333333333333333
부산,소사이어티호텔,해운대구,우동,24.0,180.0,3.333333333333333,0.6666666666666666,1.0,3.333333333333333
대구,리버틴호텔,중구,동문동,24.0,90.0,4.0,0.0,2.0,4.0
경북,태종로716-4,경주시,사정동,24.0,60.0,5.0,0.5,2.0,4.5
부산,쇼호텔,해운대구,우동,24.0,165.0,3.0,0.0,0.0,3.0
경북,플랜비펜션,경주시,마동,24.0,165.0,3.5,0.5,3.0,4.0
대구,스카이랜드오피스텔,중구,봉산동,24.0,60.0,5.0,0.5,3.0,5.0
경남,한옥펜션 심유재,함양군,마천면,24.0,195.0,4.5,0.0,2.0,5.0
강원,경포그곳에가면펜션,강릉시,초당동,24.0,300.0,3.0,0.6666666666666666,1.0,3.0
강원,홀리데이펜션,춘천시,남산면,24.0,162.0,4.4,0.0,1.0,4.2
부산,선트리관광호텔,해운대구,중동,24.0,75.0,2.0,0.0,1.0,2.0
경북,베니키아 스위스로젠 호텔,경주시,신평동,24.0,90.0,5.0,0.0,1.0,5.0
경북,포항공과대학교평해연수원,울진군,평해읍,24.0,225.0,4.0,0.0,4.0,4.0
강원,알펜시아 홀리데이인&스위트콘도,평창군,대관령면,24.0,270.0,4.666666666666667,0.3333333333333333,3.0,4.666666666666667
충북,포레스트리솜,제천시,백운면,24.0,365.2941176470589,4.529411764705882,0.4705882352941176,2.647058823529412,4.470588235294118
대구,고호스텔,중구,문화동,24.0,225.0,4.0,0.0,1.0,4.0
강원,베리트펜션,양양군,강현면,24.0,165.0,4.0,0.5,1.0,4.0
경북,한옥스테이 온유,경주시,동방동,24.0,150.0,4.0,0.0,6.0,4.0
강원,엘로이,삼척시,근덕면,24.0,120.0,5.0,0.0,4.0,5.0
경북,놀로와펜션,경주시,양남면,24.0,465.0,3.5,0.5,1.0,3.5
부산,아바니센트럴부산,남구,문현동,24.0,120.0,5.0,0.0,1.0,5.0
부산,솔라리아니시테츠호텔 부산점,부산진구,부전동,24.0,90.0,4.0,0.0,1.0,4.0
경남,호텔인터내셔널,창원시,성산구,24.0,180.0,3.0,0.6666666666666666,1.0,3.0
울산,울산대학교 청운학사 기린관,남구,무거동,24.0,375.0,5.0,1.0,2.0,5.0
부산,미포오션사이드호텔,해운대구,중동,24.0,90.0,5.0,0.5,1.0,5.0
강원,성동힐링센터 휴영월캠프,영월군,영월읍,24.0,720.0,5.0,0.0,2.0,5.0
부산,엔젤호텔,부산진구,부전동,24.0,50.0,1.0,0.6666666666666666,2.0,1.0
부산,센텀프리미어호텔,해운대구,우동,24.0,105.0,5.0,0.5,0.0,5.0
울산,브라운도트호텔 장생포점,남구,장생포동,24.0,90.0,4.5,0.0,1.0,4.5
경북,에델바이스펜션,청도군,운문면,24.0,240.0,4.0,0.5,12.0,4.0
부산,미연펜션,해운대구,송정동,24.0,180.0,3.5,0.5,5.0,3.5
부산,해운대씨클라우드호텔레지던스,해운대구,중동,24.0,495.0,2.0,0.0,3.0,2.0
경북,경주동행스테이,경주시,노서동,24.0,120.0,5.0,0.0,3.0,5.0
경북,감포포시즌펜션,경주시,감포읍,24.0,165.0,5.0,0.0,3.0,5.0
강원,KT대관령수련관,평창군,대관령면,24.0,420.0,5.0,1.0,2.0,5.0
강원,삼척엘림캠핑장,삼척시,근덕면,24.0,247.5,5.0,0.0,5.0,5.0
강원,소노펠리체 델피노,고성군,토성면,24.0,510.0,5.0,1.0,7.0,5.0
강원,몬티첼로,평창군,봉평면,24.0,675.0,5.0,0.0,1.0,5.0
경북,위즈호텔,영주시,휴천동,24.0,120.0,5.0,0.0,1.0,5.0
강원,K게스트하우스,강릉시,성남동,24.0,105.0,4.0,0.5,1.0,4.0
강원,하루게스트하우스,속초시,동명동,24.0,150.0,2.5,1.0,1.0,2.5
경남,포엠모텔,거제시,고현동,24.0,705.0,5.0,0.0,1.0,5.0
경남,그랜드모텔,거제시,장승포동,24.0,100.0,3.6666666666666665,0.0,1.0,3.333333333333333
강원,부영사랑으로2단지아파트,강릉시,연곡면,24.0,360.0,5.0,0.5,5.0,5.0
강원,루헤풀빌라,강릉시,저동,24.0,100.0,3.333333333333333,0.0,1.0,2.333333333333333
경북,도로시펜션,경주시,감포읍,24.0,195.0,4.5,0.0,1.0,5.0
부산,해운대영무파라드호텔,해운대구,중동,24.0,735.0,5.0,0.5,1.0,5.0
강원,다비앙스파펜션,강릉시,저동,24.0,105.0,4.0,0.0,3.0,4.0
강원,브라운도트호텔 강릉경포점,강릉시,강문동,24.0,570.0,5.0,0.5,1.0,5.0
부산,라비드아틀란호텔2,해운대구,중동,24.0,80.0,5.0,1.0,1.0,5.0
강원,노마드인 강릉,강릉시,송정동,24.0,180.0,3.0,0.5,2.0,3.0
강원,솔게스트하우스 양양서핑점,양양군,현남면,24.0,285.0,3.0,0.0,2.0,3.0
경남,고성 한산마리나리조트,고성군,회화면,24.0,360.0,4.5,0.5,3.0,4.5
경북,스테이해늘,포항시,북구,24.0,210.0,5.0,0.0,7.0,5.0
강원,원주웰빙캠프,원주시,신림면,24.0,765.0,5.0,0.0,6.0,5.0
부산,스탠포드인 부산,중구,남포동5가,24.0,480.0,3.0,0.0,0.0,3.0
강원,프라임캠핑장,춘천시,사북면,24.0,735.0,5.0,1.0,3.0,5.0
부산,H에비뉴 광안리해변점,수영구,민락동,24.0,480.0,4.0,0.0,1.0,4.0
경남,해브솔캠프,밀양시,용평동,24.0,990.0,5.0,0.0,8.0,5.0
강원,서프사이드,양양군,현남면,24.0,105.0,4.5,1.0,3.0,4.0
경남,함박골수박한마음센터,함안군,대산면,24.0,315.0,5.0,0.5,5.0,5.0
경북,소백산생태탐방원,영주시,단산면,24.0,210.0,4.25,0.75,4.0,4.0
경남,해피밸리펜션,양산시,원동면,24.0,255.0,3.5,0.0,9.0,4.0
경북,안동 그랜드호텔,안동시,성곡동,24.0,600.0,4.0,0.0,2.0,4.0
강원,아트인엘펜션,강릉시,안현동,24.0,255.0,3.0,0.5,2.0,3.0
충남,힐링캠프펜션,태안군,남면,24.0,435.0,5.0,0.5,12.0,5.0
경남,자연애길목펜션,밀양시,산내면,24.0,285.0,3.5,0.5,5.0,2.5
강원,파라다이스모텔,강릉시,강문동,24.0,75.0,5.0,0.5,0.0,5.0
강원,검산별빛캠핑장,홍천군,서석면,24.0,555.0,5.0,0.5,1.0,5.0
경북,뚜르드퐝 소호텔&게스트하우스,포항시,남구,24.0,705.0,5.0,0.0,1.0,5.0
광주,리젠시,동구,학동,24.0,705.0,3.0,0.0,3.5,4.0
대전,스탕달호텔,유성구,봉명동,24.0,90.0,4.0,0.5,2.0,3.5
전북,소노벨 변산,부안군,변산면,24.0,243.52941176470588,4.176470588235294,0.3529411764705882,3.176470588235294,4.176470588235294
전북,더스위트호텔 남원,남원시,주천면,24.0,210.0,3.5,0.5,2.0,3.5
전남,춘화당게스트하우스,목포시,죽동,24.0,130.0,4.0,1.0,0.0,4.0
전남,호텔드림,나주시,빛가람동,24.0,75.0,3.0,0.0,3.0,3.0
광주,아우라비즈니스호텔,광산구,송정동,24.0,150.0,5.0,0.0,1.0,5.0
전남,어반스테이 여수웅천,여수시,웅천동,24.0,150.0,5.0,0.25,1.25,5.0
전남,라마다프라자 바이윈덤 여수,여수시,돌산읍,24.0,315.0,4.5,0.5,3.0,4.5
대전,유성스테이호텔,유성구,봉명동,24.0,105.0,4.0,1.0,0.0,4.0
전남,느림,순천시,풍덕동,24.0,135.0,4.5,0.0,0.0,4.5
대전,호텔노크온,중구,대흥동,24.0,105.0,5.0,0.5,0.5,5.0
충남,스플라스리솜 플렉스타워,예산군,덕산면,24.0,348.75,4.625,0.75,1.0,4.625
전북,제니홈,전주시,덕진구,24.0,120.0,5.0,0.0,2.0,5.0
전북,호텔바라한,전주시,덕진구,24.0,110.0,5.0,0.3333333333333333,1.0,4.666666666666667
전북,베스트웨스턴플러스 전주호텔,전주시,완산구,24.0,278.57142857142856,5.0,0.4285714285714285,0.7142857142857143,5.0
강원,백담고을캠핑장,인제군,북면,24.0,1130.0,5.0,0.6666666666666666,1.0,5.0
충남,바다와파도소리캠핑장,태안군,소원면,24.0,225.0,5.0,0.0,1.0,5.0
충남,영인산자연휴양림,아산시,영인면,24.0,315.0,4.0,0.0,1.5,4.0
전북,웨스턴라이프호텔,익산시,영등동,24.0,600.0,4.0,0.0,2.5,4.0
전북,투썸호텔,전주시,완산구,24.0,300.0,4.0,0.5,1.0,4.0
충남,소노벨 천안,천안시,동남구,24.0,185.0,3.5,0.5,4.166666666666667,3.8333333333333335
충남,푸른바다와금빛해변,태안군,소원면,24.0,30.0,4.0,0.5,6.0,4.0
전남,낭만게스트하우스,여수시,교동,24.0,60.0,4.0,0.5,1.0,4.0
전남,여행하기 좋은날 게스트하우스,여수시,교동,24.0,135.0,3.0,0.0,1.0,3.0
전남,여수유탑유블레스,여수시,국동,24.0,160.0,4.833333333333333,0.6666666666666666,0.3333333333333333,4.833333333333333
대전,호텔드레,유성구,봉명동,24.0,70.0,5.0,0.3333333333333333,1.0,5.0
충북,소노문 단양,단양군,단양읍,24.0,341.25,4.0,0.5416666666666666,3.4166666666666665,3.9166666666666665
전북,무주덕유산리조트,무주군,설천면,24.0,228.0,4.8,0.0,2.8,4.6
대전,호텔인터시티,유성구,봉명동,24.0,210.0,4.0,1.0,1.0,4.0
충남,슈어스테이플러스호텔,아산시,탕정면,24.0,240.0,3.0,0.0,2.333333333333333,3.0
전남,호텔드몽드,담양군,담양읍,24.0,210.0,4.4,0.2,1.6,4.4
전북,상하농원 파머스빌리지,고창군,상하면,24.0,405.0,5.0,0.0,4.0,5.0
전북,다나하루게스트하우스,전주시,완산구,24.0,30.0,4.5,0.0,0.0,4.5
대전,만월호텔 중리점,대덕구,중리동,24.0,60.0,3.5,0.5,0.5,3.5
전북,전라북도교육청교직원수련원,부안군,변산면,24.0,510.0,5.0,0.0,2.5,5.0
충남,부여파크아트빌라스,부여군,규암면,24.0,430.0,4.333333333333333,0.3333333333333333,2.6666666666666665,4.333333333333333
전북,에비뉴호텔,전주시,덕진구,24.0,90.0,4.0,0.0,1.5,4.0
전남,영산재,영암군,삼호읍,24.0,160.0,4.666666666666667,0.0,2.333333333333333,4.666666666666667
전남,쏠비치 진도,진도군,의신면,24.0,289.4117647058824,4.941176470588236,0.2352941176470588,3.411764705882353,4.823529411764706
전북,솔호텔,전주시,덕진구,24.0,480.0,5.0,0.0,3.0,5.0
충남,한화리조트 대천파로스,보령시,신흑동,24.0,120.0,4.0,0.0,3.0,4.0
충남,스플라스 리솜,예산군,덕산면,24.0,546.6666666666666,4.111111111111111,0.5555555555555556,2.888888888888889,4.111111111111111
충남,온양관광호텔,아산시,온천동,24.0,420.0,4.5,0.0,0.5,4.5
전남,레이크45호텔,나주시,빛가람동,24.0,255.0,5.0,0.5,0.0,5.0
전남,남도호텔,해남군,해남읍,24.0,225.0,1.5,0.5,0.0,1.5
충북,충주호캠핑월드,충주시,동량면,24.0,390.0,4.6,0.0,2.2,5.0
충남,올레유,태안군,원북면,24.0,380.0,2.6666666666666665,0.0,1.0,2.6666666666666665
전남,빅오쇼게스트하우스,여수시,공화동,24.0,165.0,2.0,0.0,3.0,3.0
전북,베스트웨스턴호텔,군산시,오식도동,24.0,270.0,4.0,0.0,1.0,4.0
전북,리본호텔,군산시,장미동,24.0,130.0,3.333333333333333,0.0,0.0,3.0
전북,화담여관,군산시,죽성동,24.0,487.5,4.0,0.0,0.0,4.0
충북,단양관광호텔,단양군,단양읍,24.0,90.0,4.0,0.3333333333333333,2.333333333333333,4.0
전남,다락휴 여수점,여수시,덕충동,24.0,570.0,4.5,0.5,0.0,4.0
충북,옥화자연휴양림 국민여가오토캠핑장,청주시,상당구,24.0,240.0,5.0,1.0,3.0,5.0
전남,자연향기펜션,광양시,옥룡면,24.0,195.0,4.0,0.0,8.0,4.5
전남,여수베네치아호텔&리조트,여수시,수정동,24.0,204.7058823529412,4.235294117647059,0.1176470588235294,1.6470588235294117,4.176470588235294
충남,봉수산자연휴양림 봉수산,예산군,대흥면,24.0,180.0,5.0,0.0,3.0,5.0
전북,다올호텔,군산시,대명동,24.0,165.0,5.0,0.0,1.0,5.0
전북,전주한옥마을 어린왕자게스트하우스,전주시,완산구,24.0,120.0,3.0,0.0,2.0,3.0
전북,고려타운아파트,군산시,서흥남동,24.0,100.0,3.6666666666666665,1.0,0.0,3.6666666666666665
전남,엘디아호텔,여수시,학동,24.0,80.0,4.0,0.3333333333333333,0.6666666666666666,4.0
세종특별자치시,세종필무인텔,연동면,응암리,24.0,150.0,2.0,0.0,1.0,2.5
충북,더짝게스트하우스,단양군,단양읍,24.0,550.0,2.6666666666666665,0.3333333333333333,0.3333333333333333,2.6666666666666665
충북,더샵게스트하우스,단양군,단양읍,24.0,130.0,3.333333333333333,0.3333333333333333,0.6666666666666666,3.333333333333333
충북,조령산자연휴양림,괴산군,연풍면,24.0,187.5,4.5,0.75,2.5,4.5
전북,엔브릿지호텔,전주시,완산구,24.0,1950.0,4.0,0.0,1.0,4.5
전남,바다스파랜드,고흥군,도양읍,24.0,615.0,3.5,0.0,0.5,3.5
전남,오이다게스트하우스,여수시,중앙동,24.0,157.5,3.25,0.25,0.0,2.75
충남,서초휴양소,태안군,남면,24.0,120.0,5.0,0.0,3.0,5.0
충남,신창댁,아산시,송악면,24.0,480.0,2.0,0.0,3.0,1.5
전북,전주호텔꽃심,전주시,완산구,24.0,101.25,4.75,0.25,0.875,4.75
충남,프린세스캠핑장,공주시,신관동,24.0,156.0,3.8,0.4,2.4,3.8
전남,샹그리아비치호텔,목포시,상동,24.0,270.0,5.0,0.0,3.0,5.0
전남,언노운호텔,담양군,담양읍,24.0,120.0,4.5,0.0,1.0,4.5
전남,해피타임무인호텔,담양군,담양읍,24.0,220.0,4.0,0.0,1.0,4.333333333333333
전북,탑클라우드호텔 군산점,군산시,경장동,24.0,165.0,4.0,0.0,2.0,4.0
충남,저스트스테이 호텔 공주신관점,공주시,신관동,24.0,495.0,4.875,0.25,0.125,4.875
전남,여수우두펜션,여수시,돌산읍,24.0,600.0,3.5,0.0,7.0,3.5
전북,가은채,전주시,완산구,24.0,160.0,3.333333333333333,0.3333333333333333,3.333333333333333,3.0
전남,봉황산자연휴양림,여수시,돌산읍,24.0,315.0,4.5,0.0,1.5,4.5
전남,카이저호텔,목포시,상동,24.0,60.0,5.0,1.0,2.0,5.0
전북,덕인당&수하우스,전주시,완산구,24.0,75.0,4.5,0.0,1.0,5.0
전남,라마다프라자바이윈덤 여수,여수시,돌산읍,24.0,142.5,4.5,0.0,1.5,4.5
제주특별자치도,신신호텔 서귀포점,서귀포시,서귀동,24.0,405.0,3.75,0.6666666666666666,0.3333333333333333,4.5
제주특별자치도,모구리야영장,서귀포시,성산읍,24.0,510.0,4.5,0.75,1.25,4.75
제주특별자치도,블랑게스트하우스,서귀포시,표선면,24.0,390.0,4.0,0.0,0.0,4.0
전남,B&F호텔,여수시,학동,24.0,435.0,2.25,0.25,0.5,2.0
제주특별자치도,백패커스홈,서귀포시,서귀동,24.0,206.66666666666663,3.888888888888889,0.3333333333333333,0.0,3.888888888888889
전북,호텔다빈,전주시,완산구,24.0,105.0,4.0,0.5,1.0,4.0
충남,호텔 라그라스,아산시,온천동,24.0,150.0,5.0,0.0,0.0,5.0
전남,소노캄 여수,여수시,수정동,24.0,128.57142857142858,4.428571428571429,0.7142857142857143,2.2857142857142856,4.428571428571429
전북,게스트하우스 달,군산시,월명동,24.0,90.0,4.0,0.0,0.6666666666666666,3.6666666666666665
충남,토모노야 호텔&료칸 대천점,보령시,남곡동,24.0,555.0,4.5,0.0,1.0,2.5
전북,탑클라우드호텔 익산점,익산시,인화동1가,24.0,390.0,5.0,0.0,0.0,5.0
전북,라마다호텔 전주,전주시,완산구,24.0,138.0,4.0,0.0,1.2,3.8
전북,리츠프라자관광호텔,군산시,나운동,24.0,60.0,4.5,0.5,0.0,4.5
충북,휴가 게스트하우스,제천시,청전동,24.0,165.0,5.0,0.0,3.0,5.0
전남,호텔케니여수,여수시,충무동,24.0,138.75,3.5,0.375,0.25,3.5
전남,키웨스트리조트,여수시,중앙동,24.0,90.0,4.0,0.0,2.0,4.5
충남,녹스호텔,천안시,서북구,24.0,120.0,4.0,0.6666666666666666,2.0,4.0
전북,여미랑,군산시,월명동,24.0,187.5,4.75,0.0,1.0,4.75
전남,중흥골드스파&리조트,나주시,다도면,24.0,375.0,2.25,0.25,3.0,2.25
전북,고사포야영장,부안군,변산면,24.0,510.0,5.0,0.5,1.0,5.0
전남,유탑마리나호텔&리조트,여수시,수정동,24.0,157.89473684210526,4.684210526315789,0.1052631578947368,1.6842105263157894,4.578947368421052
전북,고창갯벌오토캠핑&글램핑,고창군,심원면,24.0,525.0,5.0,0.0,3.0,4.5
전북,켄싱턴리조트 지리산남원,남원시,어현동,24.0,210.0,4.75,0.0,2.75,4.5
전남,헤이븐호텔,여수시,돌산읍,24.0,180.0,4.0,0.0,2.2,4.2
전북,장미펜션,무주군,설천면,24.0,90.0,2.0,0.0,0.0,1.5
경북,문장대오토캠핑장,상주시,화북면,24.0,310.0,5.0,0.3333333333333333,0.0,5.0
충북,초평밤나무캠핑장,진천군,초평면,24.0,440.0,5.0,0.6666666666666666,0.0,5.0
전남,나주느림,나주시,남외동,24.0,390.0,5.0,0.0,2.5,5.0
전북,스테이 사계,순창군,복흥면,24.0,410.0,5.0,0.0,1.0,5.0
대전,호텔오노마대전오토그래프컬렉션,유성구,도룡동,24.0,135.0,5.0,0.0,2.6666666666666665,4.833333333333333
충남,스플라스리솜 스테이타워,예산군,덕산면,24.0,196.66666666666663,3.888888888888889,0.0,3.4444444444444446,4.0
충북,쌍용어드벤처 오토캠핑빌리지,제천시,백운면,24.0,525.0,5.0,0.0,1.0,5.0
광주,올레무인호텔,광산구,우산동,24.0,172.5,3.75,0.75,0.0,3.75
충남,충청남도교육청해양수련원,보령시,신흑동,24.0,630.0,5.0,1.0,8.0,5.0
전북,한옥그곳,전주시,완산구,24.0,705.0,2.5,0.5,1.0,2.5
대전,롯데시티호텔 대전,유성구,도룡동,24.0,141.42857142857142,4.428571428571429,0.7142857142857143,0.8571428571428571,4.428571428571429
전북,별빛궁,전주시,완산구,24.0,150.0,5.0,0.5,1.0,5.0
전북,위너호텔,전주시,덕진구,24.0,165.0,3.5,0.0,1.0,2.5
전북,호텔메이,군산시,나운동,24.0,210.0,3.0,0.0,0.3333333333333333,3.333333333333333
대전,레지던스호텔라미아,서구,둔산동,24.0,90.0,4.0,0.0,2.0,4.0
충남,킹콩솔숲캠핑장,태안군,남면,24.0,190.0,5.0,1.0,1.0,5.0
충남,코코넛모텔,보령시,신흑동,24.0,75.0,3.5,0.0,1.0,3.5
전북,라한호텔 전주,전주시,완산구,24.0,110.0,4.555555555555555,0.2222222222222222,2.111111111111111,4.555555555555555
대전,레지던스호텔라인,서구,둔산동,24.0,135.0,4.0,0.25,1.5,4.0
광주,기차와바다게스트하우스,동구,서석동,24.0,70.0,4.666666666666667,0.0,1.0,4.666666666666667
충남,더메인즈호텔,천안시,동남구,24.0,195.0,4.5,0.0,0.5,4.5
대전,캠프향기,동구,상소동,24.0,840.0,5.0,1.0,2.0,5.0
충북,김군게스트하우스,단양군,단양읍,24.0,230.0,3.0,0.6666666666666666,1.0,3.0
전남,노블레스호텔,순천시,조례동,24.0,230.0,1.6666666666666667,0.0,0.3333333333333333,1.6666666666666667
전남,풍경펜션,여수시,호명동,24.0,186.0,3.4,0.2,4.2,3.4
전북,마리호텔 공원점,전주시,덕진구,24.0,710.0,3.0,0.0,2.0,3.0
충남,파라다이스스파도고 카라반캠핑장,아산시,선장면,24.0,340.0,4.333333333333333,0.0,1.0,4.0
대전,서봉빌딩 2동,유성구,구암동,24.0,240.0,5.0,0.0,1.0,5.0
전남,와온해변,순천시,해룡면,24.0,45.0,3.0,0.0,0.0,3.0
전남,백패커스인여수,여수시,공화동,24.0,30.0,5.0,0.0,0.0,5.0
전북,풍경게스트앤호텔,전주시,완산구,24.0,45.0,3.0,0.0,1.0,3.5
충북,송호국민관광지 캠핑장,영동군,양산면,24.0,435.0,5.0,0.5,0.5,5.0
충북,자연향펜션,단양군,가곡면,24.0,315.0,4.0,0.0,3.0,3.5
전북,부안관광호텔,부안군,행안면,24.0,190.0,4.333333333333333,0.0,1.6666666666666667,4.333333333333333
전남,디오션호텔,여수시,소호동,24.0,75.0,5.0,1.0,1.0,5.0
전북,사랑루,전주시,완산구,24.0,120.0,5.0,0.5,2.0,5.0
전북,라시에스타호텔,군산시,성산면,24.0,420.0,5.0,1.0,0.0,5.0
대전,베니키아호텔대림,중구,선화동,24.0,157.5,4.0,0.25,0.5,3.5
전남,웅천친수공원야영장,여수시,웅천동,24.0,130.0,5.0,0.3333333333333333,1.6666666666666667,5.0
전남,호텔마띠유 여수,여수시,공화동,24.0,180.0,4.666666666666667,0.0,1.6666666666666667,4.666666666666667
충남,어은돌송림캠핑장,태안군,소원면,24.0,307.5,4.5,0.75,5.0,4.0
충남,충청남도교육청 해양수련원 별관,보령시,신흑동,24.0,120.0,5.0,1.0,2.0,5.0
충남,몽산포하얀집펜션,태안군,남면,24.0,220.0,5.0,0.6666666666666666,1.0,5.0
충남,몽산포자동차야영장,태안군,남면,24.0,217.5,5.0,0.75,1.0,5.0
전남,베네치아관광호텔,순천시,연향동,24.0,180.0,4.0,0.0,1.0,3.0
충남,호텔마스타대천,보령시,신흑동,24.0,75.0,4.0,0.0,3.0,3.0
전북,한옥미담,전주시,완산구,24.0,135.0,3.5,0.5,0.0,4.0
충남,몽산포오션캠핑장,태안군,남면,24.0,450.0,5.0,0.6666666666666666,1.6666666666666667,5.0
전북,엠에이치호텔 객리단길점,전주시,완산구,24.0,410.0,3.6666666666666665,0.0,1.0,3.6666666666666665
전북,한옥혜윰,전주시,완산구,24.0,130.0,5.0,0.3333333333333333,0.0,5.0
전북,호텔 아이콘,군산시,경장동,24.0,322.5,4.75,0.75,1.0,4.75
광주,유탑부티크호텔&레지던스,서구,치평동,24.0,330.0,5.0,0.0,1.0,5.0
대전,호텔그레이톤 둔산,서구,둔산동,24.0,40.0,3.0,0.3333333333333333,2.333333333333333,3.333333333333333
전남,신라스테이 여수,여수시,수정동,24.0,180.0,5.0,0.0,0.0,5.0
충남,센티마르펜션 글램핑캠핑장,태안군,원북면,24.0,720.0,5.0,0.0,1.0,5.0
충남,두바이호텔,당진시,송악읍,24.0,120.0,5.0,0.5,0.0,5.0
전남,슈가브리움 리조트,여수시,돌산읍,24.0,290.0,2.6666666666666665,0.0,1.0,2.333333333333333
충북,제천더파인힐펜션,제천시,수산면,24.0,555.0,5.0,0.5,7.0,5.0
전북,에이본호텔 군산,군산시,경장동,24.0,127.5,4.5,0.0,1.0,4.5
광주,홀리데이 인 광주호텔,서구,치평동,24.0,120.0,4.4,0.0,2.2,4.4
전북,호텔아지트 신시가지점,전주시,완산구,24.0,30.0,4.0,0.5,1.0,4.5
충남,백화원리조트,태안군,태안읍,24.0,120.0,4.0,1.0,1.0,4.0
충남,파인트리모텔,태안군,태안읍,24.0,330.0,1.0,0.5,1.0,1.0
전북,나봄리조트,무주군,설천면,24.0,280.0,4.333333333333333,0.3333333333333333,2.0,4.333333333333333
전남,호텔더비,순천시,풍덕동,24.0,96.0,4.2,1.0,1.0,4.2
전북,메이드호텔,남원시,어현동,24.0,300.0,5.0,0.0,0.0,5.0
전남,오션스테이호텔,목포시,죽교동,24.0,60.0,5.0,0.0,0.0,3.0
충남,시에스타펜션,태안군,남면,24.0,300.0,4.5,0.0,3.0,4.5
전남,바구니호스텔,순천시,조곡동,24.0,116.66666666666669,4.666666666666667,0.0,0.2222222222222222,4.444444444444445
전남,브라운도트호텔 순천역점,순천시,덕암동,24.0,230.0,4.666666666666667,0.3333333333333333,0.6666666666666666,4.333333333333333
충북,클럽이에스 제천리조트,제천시,수산면,24.0,322.5,4.5,0.5,0.75,4.5
전남,송악민박,고흥군,두원면,24.0,390.0,5.0,0.0,4.0,5.0
충북,W모텔,제천시,화산동,24.0,190.0,2.333333333333333,0.0,1.0,2.333333333333333
충남,아산스파포레,아산시,음봉면,24.0,517.5,4.5,0.0,2.0,4.5
충남,몽산포그린캠핑장,태안군,남면,24.0,195.0,4.5,0.75,3.0,4.75
대전,유성호텔,유성구,봉명동,24.0,180.0,4.25,0.5,0.5,4.25
전북,국립변산자연휴양림,부안군,변산면,24.0,247.5,5.0,0.75,3.25,5.0
충남,아일랜드 리솜,태안군,안면읍,24.0,311.25,4.75,0.25,2.5,4.375
전남,고흥썬밸리리조트,고흥군,도덕면,24.0,210.0,3.0,0.1428571428571428,2.142857142857143,2.857142857142857
대전,라마다호텔 대전,유성구,봉명동,24.0,100.0,5.0,0.3333333333333333,2.0,5.0
충남,서천휴리조트펜션,서천군,장항읍,24.0,105.0,4.5,0.0,2.0,4.5
전남,휴펜션&호스텔,여수시,종화동,24.0,140.0,5.0,0.0,0.6666666666666666,4.666666666666667
광주,호텔스테이53,서구,치평동,24.0,105.0,5.0,0.0,1.0,5.0
충남,서산가로림글램핑&팬션,서산시,팔봉면,24.0,345.0,4.0,0.0,4.0,4.0
대전,스테이큐,서구,용문동,24.0,45.0,4.0,0.5,0.0,4.0
광주,ACC디자인호텔,동구,금남로2가,24.0,100.0,3.0,1.0,1.0,3.0
전남,호텔야자 목포평화광장점,목포시,상동,24.0,195.0,4.5,0.0,1.0,4.0
충북,패밀리 오토캠핑장,제천시,덕산면,24.0,580.0,5.0,0.0,2.0,5.0
전북,흥부가,전주시,완산구,24.0,195.0,5.0,0.0,2.0,5.0
전남,꾸례게스트하우스,구례군,구례읍,24.0,67.5,4.0,1.0,0.0,3.75
충남,북캠프 공주지점,공주시,신풍면,24.0,300.0,3.6666666666666665,1.0,3.0,3.6666666666666665
충남,브라운도트호텔 서산점,서산시,읍내동,24.0,150.0,3.0,0.0,1.0,3.0
전북,라온무인호텔,전주시,완산구,24.0,165.0,3.0,0.0,1.0,3.0
충남,M부띠끄모텔,당진시,읍내동,24.0,45.0,4.0,0.0,1.0,3.0
전북,낭만시대게스트하우스,전주시,완산구,24.0,30.0,4.5,0.5,0.0,4.0
전북,호텔더비지트,전주시,덕진구,24.0,75.0,4.0,0.0,1.0,3.5
충남,대천메리머드호텔,보령시,신흑동,24.0,135.0,4.5,0.5,1.0,4.5
충북,소백산자연휴양림,단양군,영춘면,24.0,720.0,5.0,0.0,3.0,5.0
전북,쉼 한옥스파,전주시,덕진구,24.0,465.0,5.0,0.5,0.0,5.0
전남,디아크리조트,여수시,돌산읍,24.0,356.25,4.25,0.25,1.375,4.125
전남,카프아일랜드,여수시,만흥동,24.0,120.0,5.0,0.8,1.0,5.0
전북,모항해나루가족호텔,부안군,변산면,24.0,140.0,3.333333333333333,0.6666666666666666,1.0,3.333333333333333
전북,나인브릿지,전주시,덕진구,24.0,135.0,5.0,0.0,3.0,5.0
충북,충주카누캠핑장,충주시,동량면,24.0,570.0,5.0,0.0,1.0,5.0
전북,화이트관광호텔,전주시,덕진구,24.0,45.0,3.5,0.0,1.0,3.5
충남,피크장,부여군,부여읍,24.0,114.0,3.0,0.0,0.4,3.0
대전,호텔ICC,유성구,도룡동,24.0,60.0,3.6666666666666665,0.0,1.0,3.6666666666666665
대전,더휴식소륜 대전지점,대덕구,읍내동,24.0,150.0,4.0,0.3333333333333333,0.3333333333333333,3.6666666666666665
충남,롯데리조트 부여,부여군,규암면,24.0,154.28571428571428,4.571428571428571,0.1428571428571428,1.4285714285714286,4.571428571428571
충남,연포장,태안군,근흥면,24.0,140.0,5.0,1.0,4.0,5.0
전북,스페셜모텔,부안군,진서면,24.0,180.0,4.5,0.0,1.0,4.0
충북,청풍리조트 레이크호텔,제천시,청풍면,24.0,240.0,3.5,0.0,1.75,3.5
충남,국립희리산해송자연휴양림,서천군,종천면,24.0,675.0,2.5,0.0,3.0,3.0
전남,엑스포로펜션,여수시,덕충동,24.0,735.0,4.0,0.5,4.0,4.0
전남,해리펜션,여수시,돌산읍,24.0,180.0,4.0,0.0,2.5,4.0
전북,첼로네,전주시,완산구,24.0,140.0,5.0,0.0,1.0,5.0
충남,만조스테이,서산시,지곡면,24.0,135.0,4.0,0.0,1.0,3.5
전북,노이호텔,전주시,덕진구,24.0,270.0,4.5,0.0,1.0,4.0
충남,이틀모텔,홍성군,홍북읍,24.0,190.0,3.6666666666666665,0.0,0.3333333333333333,4.0
충남,호텔로씨오,당진시,송악읍,24.0,75.0,5.0,0.0,1.0,5.0
충북,메리제인호텔,청주시,흥덕구,24.0,160.0,1.6666666666666667,0.3333333333333333,1.6666666666666667,1.6666666666666667
전남,금호화순리조트,화순군,백아면,24.0,202.5,3.75,0.75,3.0,3.75
충남,프린스모텔,부여군,부여읍,24.0,135.0,4.0,0.0,1.0,4.0
전북,선유도 리조트,군산시,옥도면,24.0,180.0,4.0,0.0,1.0,4.0
광주,모텔스퀘어무인,서구,화정동,24.0,110.0,2.0,0.0,0.6666666666666666,1.6666666666666667
경기,라벤더펜션,용인시,기흥구,24.0,135.0,3.5,0.0,4.0,3.0
전북,톡게스트하우스 전주점,전주시,완산구,24.0,60.0,2.0,0.3333333333333333,0.0,1.0
대전,잉카의태양모텔,유성구,봉명동,24.0,450.0,3.0,0.0,0.0,3.0
전북,모양성모텔,고창군,고창읍,24.0,315.0,4.0,0.0,0.0,4.0
전북,한빛호텔,전주시,완산구,24.0,98.57142857142856,4.428571428571429,0.4285714285714285,1.0,4.428571428571429
충북,더10월호텔,충주시,대소원면,24.0,165.0,4.0,0.0,1.0,4.0
전남,베니키아호텔 여수,여수시,학동,24.0,60.0,3.0,0.8,0.0,3.0
전북,교동살래,전주시,완산구,24.0,90.0,4.0,0.0,1.0,4.0
전남,더호텔 수,여수시,돌산읍,24.0,156.0,4.2,0.4,1.6,4.0
충남,준펜션,보령시,신흑동,24.0,195.0,5.0,0.0,1.0,5.0
전북,더정가스테이,전주시,완산구,24.0,50.0,4.0,0.6666666666666666,2.0,4.0
충남,스테이인터뷰 금산,금산군,진산면,24.0,840.0,3.5,0.0,0.0,3.0
전북,항도호텔,군산시,신창동,24.0,30.0,5.0,0.0,0.0,5.0
전남,더케이지리산가족호텔,구례군,산동면,24.0,315.0,4.0,1.0,0.0,4.0
전북,마실길펜션,부안군,변산면,24.0,210.0,3.0,0.5,4.0,3.0
전남,순천만S호텔,순천시,연향동,24.0,120.0,4.666666666666667,0.3333333333333333,3.0,4.666666666666667
전남,엠오르트호텔,여수시,학동,24.0,90.0,4.0,0.5,3.0,4.0
대전,예원모텔,동구,삼성동,24.0,60.0,3.0,0.5,1.0,3.5
충남,마검포태안캠핑장,태안군,남면,24.0,250.0,3.0,0.6666666666666666,1.0,3.0
충북,옥전자연휴양림,제천시,봉양읍,24.0,300.0,4.5,0.0,2.5,4.5
전남,후니게스트하우스,구례군,토지면,24.0,195.0,5.0,0.5,1.0,5.0
충북,그랜드플라자 청주호텔,청주시,청원구,24.0,270.0,1.0,0.0,0.0,1.0
충남,티포인트호텔,천안시,서북구,24.0,530.0,4.666666666666667,0.0,1.0,4.666666666666667
충북,알마비즈니스호텔,진천군,광혜원면,24.0,150.0,3.0,0.0,1.0,3.0
충남,쏠트박스,태안군,남면,24.0,255.0,5.0,0.0,6.0,5.0
대전,하이스트빌아파트,서구,둔산동,24.0,180.0,2.0,0.3333333333333333,1.0,2.0
대전,호텔저스트슬립 유성온천점,유성구,봉명동,24.0,37.5,2.0,0.5,1.0,2.0
충북,제천무인텔,제천시,송학면,24.0,150.0,3.0,0.0,1.0,3.0
충남,공주공산성게스트하우스,공주시,금성동,24.0,135.0,5.0,0.0,3.0,5.0
전남,카프리모텔,순천시,조례동,24.0,260.0,3.0,0.0,1.0,3.0
전남,비고리조트,여수시,돌산읍,24.0,202.5,4.75,0.5,2.25,4.75
충남,대호휴타운,당진시,석문면,24.0,165.0,4.0,0.0,5.0,4.0
전남,나주빛가람호텔,나주시,송월동,24.0,270.0,5.0,0.0,0.5,5.0
충남,한국문화연수원,공주시,사곡면,24.0,195.0,5.0,1.0,3.0,5.0
전북,사랑나무,전주시,완산구,24.0,45.0,5.0,0.0,1.0,5.0
충남,호텔패션,공주시,신관동,24.0,255.0,2.5,0.0,2.0,2.5
광주,일번지무인호텔,북구,두암동,24.0,45.0,4.0,0.5,3.0,4.0
충북,괴산자연드림파크 호텔로움,괴산군,칠성면,24.0,1420.0,5.0,1.0,6.0,5.0
전남,리조트라움,순천시,해룡면,24.0,270.0,5.0,0.3333333333333333,2.0,2.6666666666666665
전북,스테이경원,전주시,완산구,24.0,150.0,5.0,0.5,2.0,5.0
충북,티파니펜션,단양군,가곡면,24.0,180.0,3.0,0.5,2.0,3.0
충남,데이나이스호텔 대천지점,보령시,신흑동,24.0,112.5,4.75,0.0,1.0,4.5
전남,라온캠핑장 담양지점,순천시,조례동,24.0,450.0,3.0,0.0,1.5,3.0
경남,고궁모텔,하동군,하동읍,24.0,150.0,5.0,0.5,0.0,5.0
전남,운조루막둥이한옥민박,구례군,토지면,24.0,195.0,4.0,0.5,0.0,3.0
충남,캠핑해씨유,보령시,오천면,24.0,280.0,1.0,0.6666666666666666,1.0,1.0
충남,바다지오펜션,태안군,소원면,24.0,60.0,3.0,0.0,2.0,3.0
전북,카마호텔,전주시,완산구,24.0,105.0,4.0,0.0,1.0,4.0
전남,서쪽하늘한옥펜션,함평군,함평읍,24.0,210.0,4.5,0.0,7.0,4.5
전북,전주관광호텔,전주시,완산구,24.0,150.0,2.5,0.0,0.5,2.5
전남,히든베이호텔,여수시,신월동,24.0,135.0,5.0,0.0,2.0,5.0
대전,자바호텔,중구,선화동,24.0,135.0,4.0,0.5,3.0,4.0
충북,칙칙폭폭 999,제천시,영천동,24.0,195.0,5.0,0.0,3.0,5.0
전남,여수스테이호텔,여수시,봉산동,24.0,120.0,5.0,1.0,2.0,5.0
광주,로머스파크오피스텔,동구,금남로4가,24.0,105.0,4.0,0.0,2.0,4.0
제주특별자치도,골든파크호텔,제주시,오라일동,24.0,114.0,3.6,0.6,2.8,3.6
제주특별자치도,건축학개론펜션,서귀포시,성산읍,24.0,255.0,4.5,0.0,1.0,4.5
충북,괴산친환경아로니아농원,괴산군,문광면,24.0,465.0,5.0,1.0,2.0,5.0
충북,레스트리리솜,제천시,백운면,24.0,145.0,5.0,0.3333333333333333,1.5,5.0
전남,푸른솔모텔,구례군,산동면,24.0,45.0,2.0,0.0,0.0,2.5
전남,모텔하늘하우스,여수시,공화동,24.0,1275.0,3.0,0.0,0.0,3.0
전북,베스트인시티호텔,전주시,덕진구,24.0,540.0,4.666666666666667,0.0,1.0,3.6666666666666665
충남,서울시서천연수원,서천군,서면,24.0,120.0,5.0,0.0,4.0,5.0
전남,메타펜션,담양군,담양읍,24.0,180.0,3.0,0.3333333333333333,2.6666666666666665,3.0
충남,아산넘버25 아산터미널점,아산시,모종동,24.0,165.0,3.0,0.0,1.0,3.0
전남,곡성달빛,곡성군,죽곡면,24.0,1065.0,5.0,1.0,1.0,5.0
전북,경기전별당채,전주시,완산구,24.0,165.0,3.0,0.0,1.0,3.0
전남,로미오모텔,순천시,풍덕동,24.0,90.0,3.0,0.6666666666666666,1.0,3.0
전남,라온팰리스호텔,나주시,빛가람동,24.0,412.5,3.75,0.5,0.5,3.25
전남,한화호텔앤드리조트 여수벨메르,여수시,웅천동,24.0,176.25,4.5,0.25,1.375,4.5
광주,노블스테이호텔,광산구,쌍암동,24.0,120.0,5.0,1.0,0.0,5.0
전북,온고을민박,전주시,완산구,24.0,45.0,4.0,0.0,4.0,3.5
충북,지중해의작은마을모텔,청주시,청원구,24.0,60.0,4.5,0.5,3.0,4.5
충남,라온애견펜션,태안군,남면,24.0,195.0,5.0,0.0,4.0,5.0
대전,디엠프레스호텔,서구,월평동,24.0,30.0,5.0,0.5,1.0,5.0
전북,한옥호텔,전주시,덕진구,24.0,480.0,2.0,1.0,1.0,2.0
충북,도담게스트하우스,단양군,가곡면,24.0,255.0,5.0,1.0,4.0,5.0
충북,호텔더반,충주시,대소원면,24.0,330.0,4.0,0.0,3.0,4.0
충북,수안보사이판 온천호텔,충주시,수안보면,24.0,120.0,3.0,0.6666666666666666,0.0,3.6666666666666665
전북,너울가지,전주시,완산구,24.0,735.0,4.0,1.0,0.0,4.5
대전,경남아파트,서구,도마동,24.0,408.0,2.0,1.0,0.0,4.8
전북,전주한옥마을 다락,전주시,완산구,24.0,165.0,5.0,0.5,0.0,5.0
전남,앙띠브모텔,순천시,연향동,24.0,705.0,4.0,1.0,1.0,4.0
충남,흙과나무민박,태안군,남면,24.0,108.0,2.0,0.0,3.0,2.0
충북,조이호텔,청주시,흥덕구,24.0,150.0,5.0,0.0,1.0,3.5
전남,S무인호텔,순천시,조곡동,24.0,180.0,3.0,0.0,1.0,3.0
충남,만리포 솔밭야외수련원,태안군,소원면,24.0,1120.0,3.333333333333333,0.6666666666666666,1.0,3.0
전남,신안비치호텔,목포시,죽교동,24.0,130.0,5.0,0.0,3.0,5.0
대전,더휴식아늑 유성2호점,유성구,봉명동,24.0,615.0,4.0,0.0,0.0,3.5
전북,대풍펜션민박,군산시,옥도면,24.0,37.5,5.0,1.0,4.0,5.0
전남,그린글램핑,여수시,화양면,24.0,195.0,5.0,0.5,3.0,5.0
전남,카멜리아호텔,여수시,공화동,24.0,240.0,5.0,0.5,1.0,5.0
충남,노을향기펜션,태안군,남면,24.0,75.0,3.5,0.0,1.0,3.0
전북,게스트하우스숨,완주군,용진읍,24.0,120.0,4.0,0.0,1.0,4.0
충남,센티마르펜션,태안군,원북면,24.0,225.0,4.0,0.0,3.0,4.0
광주,여기조아호텔,북구,중흥동,24.0,120.0,3.333333333333333,0.3333333333333333,1.3333333333333333,3.333333333333333
전남,몰디브호텔,목포시,옥암동,24.0,30.0,3.0,0.0,0.0,3.0
제주특별자치도,다담게스트하우스,서귀포시,성산읍,24.0,50.0,3.6666666666666665,0.0,0.3333333333333333,3.6666666666666665
전북,지우당 본관,전주시,완산구,24.0,142.5,3.0,0.75,10.0,2.5
전북,한옥호텔궁,전주시,완산구,24.0,80.0,2.0,0.0,1.0,2.0
전북,래미안모텔,전주시,덕진구,24.0,915.0,1.5,0.5,0.0,2.5
광주,워싱턴호텔 광주,동구,금동,24.0,70.0,3.0,0.0,1.0,3.0
광주,비즈니스호텔프랑스,서구,치평동,24.0,60.0,2.0,0.0,1.0,2.0
충북,엘파크,청주시,청원구,24.0,180.0,5.0,0.6666666666666666,1.0,5.0
충남,숩쏙캠핑장,논산시,벌곡면,24.0,105.0,5.0,0.0,3.0,5.0
충남,대천해수욕장 캠핑장,보령시,신흑동,24.0,465.0,4.0,1.0,3.0,4.5
충북,수안보상록호텔,충주시,수안보면,24.0,105.0,5.0,1.0,6.0,5.0
전남,이학장,목포시,해안동1가,24.0,165.0,3.0,0.0,2.0,3.0
전북,고유,전주시,완산구,24.0,210.0,5.0,0.5,1.0,5.0
충남,청룡재,태안군,이원면,24.0,600.0,5.0,1.0,4.0,5.0
제주특별자치도,한림리조트,제주시,한림읍,24.0,260.0,5.0,0.6666666666666666,3.6666666666666665,5.0
제주특별자치도,제주디아일랜드블루호텔,서귀포시,서귀동,24.0,132.0,3.6,0.2,2.0,3.4
제주특별자치도,블루하와이리조트,제주시,한림읍,24.0,212.0,3.6,0.5333333333333333,2.7333333333333334,3.6
제주특별자치도,봄그리고가을리조트,서귀포시,성산읍,24.0,156.0,4.6,0.3,2.9,4.5
제주특별자치도,너의하루,제주시,구좌읍,24.0,127.5,4.25,0.0,2.0,4.0
제주특별자치도,메가리조트,제주시,한경면,24.0,105.0,3.0,0.0,1.0,3.0
제주특별자치도,롯데호텔 제주,서귀포시,색달동,24.0,246.0,4.666666666666667,0.3333333333333333,1.6,4.6
제주특별자치도,호텔샌드,제주시,한림읍,24.0,74.48275862068965,4.586206896551724,0.0344827586206896,1.5172413793103448,4.413793103448276
제주특별자치도,호텔스테이현,제주시,이도일동,24.0,120.0,3.5625,0.375,0.75,3.25
제주특별자치도,아침해변펜션,제주시,조천읍,24.0,260.0,3.333333333333333,0.6666666666666666,2.0,3.0
제주특별자치도,빨간풍차펜션,제주시,구좌읍,24.0,430.0,3.6666666666666665,0.0,3.0,3.333333333333333
제주특별자치도,해뜨는집펜션,서귀포시,성산읍,24.0,75.0,2.0,0.5,3.0,1.0
경북,99펜션,울릉군,울릉읍,24.0,240.0,1.0,0.75,3.0,1.0
경남,스탠포드호텔앤리조트,통영시,도남동,24.0,270.0,3.5,0.5,3.1666666666666665,3.5
제주특별자치도,호텔아나타,제주시,일도일동,24.0,165.0,4.833333333333333,0.0,0.6666666666666666,4.833333333333333
제주특별자치도,다이빙맛,서귀포시,남원읍,24.0,510.0,5.0,0.0,0.5,4.5
제주특별자치도,게으른소나기,제주시,구좌읍,24.0,262.5,4.0,0.625,0.375,3.875
제주특별자치도,여울목게스트하우스,제주시,구좌읍,24.0,210.0,4.888888888888889,0.0,0.6666666666666666,4.777777777777778
제주특별자치도,동문취향 게스트하우스,제주시,일도일동,24.0,530.0,4.333333333333333,0.0,0.0,4.333333333333333
제주특별자치도,게스트하우스7,제주시,용담2동,24.0,105.0,3.5,0.0,0.0,3.25
제주특별자치도,커먼스테이,서귀포시,안덕면,24.0,150.0,4.2,0.2,0.8,4.4
제주특별자치도,협재 서쪽게스트하우스,제주시,한림읍,24.0,225.0,3.5,0.5,0.0,3.5
제주특별자치도,메종글래드제주,제주시,연동,24.0,213.1578947368421,4.526315789473684,0.3157894736842105,0.5263157894736842,4.526315789473684
제주특별자치도,신화관 제주신화월드호텔앤리조트,서귀포시,안덕면,24.0,300.0,4.545454545454546,0.2272727272727272,1.3636363636363635,4.5
제주특별자치도,호텔화인 제주,서귀포시,서귀동,24.0,235.7142857142857,4.428571428571429,0.4285714285714285,1.4285714285714286,4.285714285714286
제주특별자치도,코너스톤호텔,서귀포시,서귀동,24.0,174.0,4.6,0.4,0.6,4.6
제주특별자치도,어반스테이 제주연동,제주시,연동,24.0,140.0,4.444444444444445,0.1111111111111111,0.5555555555555556,4.0
제주특별자치도,제주웨스턴그레이스 강정점,서귀포시,강정동,24.0,210.0,4.285714285714286,0.2857142857142857,0.8571428571428571,4.428571428571429
제주특별자치도,큐티파이호텔,제주시,애월읍,24.0,120.0,4.0,0.0,1.0,4.0
제주특별자치도,브라운스위트제주 호텔앤리조트,서귀포시,성산읍,24.0,170.8695652173913,3.869565217391304,0.4347826086956521,1.1304347826086956,3.739130434782609
제주특별자치도,마레보비치호텔,제주시,애월읍,24.0,195.0,4.5,0.0,0.5,4.5
제주특별자치도,아라팰리스호텔,제주시,삼도이동,24.0,304.2857142857143,4.285714285714286,0.2857142857142857,0.7142857142857143,4.142857142857143
제주특별자치도,아루미호텔 협재점,제주시,한림읍,24.0,154.28571428571428,4.714285714285714,0.7142857142857143,0.8571428571428571,4.714285714285714
제주특별자치도,랜딩관 제주신화월드호텔앤리조트,서귀포시,안덕면,24.0,247.05882352941177,4.294117647058823,0.4705882352941176,2.3529411764705883,4.235294117647059
제주특별자치도,성산스테이션,서귀포시,성산읍,24.0,255.0,3.7,0.5,0.6,3.6
제주특별자치도,산방산호텔,서귀포시,대정읍,24.0,175.71428571428572,3.7142857142857135,0.1428571428571428,2.2857142857142856,3.857142857142857
제주특별자치도,르네상스호텔,제주시,삼도일동,24.0,126.0,3.6,0.0,1.8,3.0
제주특별자치도,수월,서귀포시,대정읍,24.0,330.0,5.0,1.0,3.0,5.0
경남,비토섬신우리조트 모던글램핑,사천시,서포면,24.0,300.0,5.0,0.5,1.0,5.0
제주특별자치도,제주스테이인성산,서귀포시,성산읍,24.0,114.0,4.4,0.6,0.8,4.4
경남,아디오스호텔,통영시,항남동,24.0,90.0,3.5,0.0,1.0,3.5
경남,통영타워펜션,통영시,용남면,24.0,150.0,3.0,0.0,1.0,3.0
제주특별자치도,켄싱턴리조트 제주한림,제주시,한림읍,24.0,277.5,4.75,0.25,4.0,4.75
제주특별자치도,세오니네민박,서귀포시,성산읍,24.0,150.0,2.6666666666666665,0.0,1.0,2.333333333333333
제주특별자치도,HY초이호스텔,서귀포시,서귀동,24.0,200.0,3.6666666666666665,0.0,0.6666666666666666,3.6666666666666665
제주특별자치도,털보네 게스트하우스,제주시,애월읍,24.0,450.0,5.0,0.0,1.0,4.5
제주특별자치도,제주지방해양경찰청 수련원,서귀포시,표선면,24.0,397.5,4.25,0.25,1.25,4.75
제주특별자치도,트로피컬하이드어웨이,서귀포시,대정읍,24.0,160.0,5.0,0.0,1.0,5.0
제주특별자치도,펠리시아호텔,서귀포시,법환동,24.0,93.75,3.75,0.25,0.625,3.75
제주특별자치도,샐리스 제주,제주시,애월읍,24.0,172.5,5.0,0.25,1.0,5.0
제주특별자치도,신신호텔 제주공항점,제주시,연동,24.0,232.5,4.0,0.5,0.625,4.125
제주특별자치도,오션스타콘도,서귀포시,성산읍,24.0,369.0,3.5,0.4,2.8,3.6
제주특별자치도,도체비낭게스트하우스,서귀포시,안덕면,24.0,204.0,4.8,0.4,0.0,4.8
제주특별자치도,김군아미고게스트하우스,제주시,애월읍,24.0,311.25,4.25,0.75,1.125,4.25
제주특별자치도,단잠,제주시,한림읍,24.0,130.0,3.6666666666666665,0.3333333333333333,0.0,3.6666666666666665
제주특별자치도,설렘펜션,제주시,애월읍,24.0,300.0,4.0,0.3333333333333333,0.6666666666666666,4.0
제주특별자치도,성산아쿠아비치호텔,서귀포시,성산읍,24.0,144.0,3.4,0.4,1.0,3.4
제주특별자치도,하귤당,서귀포시,신효동,24.0,150.0,4.0,0.0,1.0,4.0
제주특별자치도,아길라호텔,제주시,한림읍,24.0,264.0,4.2,0.0,1.0,3.8
제주특별자치도,씨에스호텔앤리조트,서귀포시,중문동,24.0,372.0,4.2,0.0,2.4,4.2
제주특별자치도,서머셋 제주신화월드,서귀포시,안덕면,24.0,170.0,3.333333333333333,0.5555555555555556,6.222222222222222,3.1666666666666665
인천,아삭아삭순무민박,강화군,강화읍,24.0,256.6666666666667,4.111111111111111,0.8888888888888888,0.0,4.111111111111111
제주특별자치도,윈스카이호텔,서귀포시,강정동,24.0,180.0,4.181818181818182,0.1818181818181818,0.7272727272727273,4.181818181818182
제주특별자치도,부티크스테이스놉,서귀포시,하예동,24.0,98.57142857142856,4.142857142857143,0.1428571428571428,1.1428571428571428,4.142857142857143
제주특별자치도,제주신라호텔,서귀포시,색달동,24.0,264.54545454545456,5.0,0.4090909090909091,1.7272727272727273,4.954545454545454
제주특별자치도,켄싱턴리조트 제주중문,서귀포시,색달동,24.0,293.3333333333333,4.888888888888889,0.6666666666666666,3.0,4.888888888888889
제주특별자치도,에코그린리조트,제주시,한림읍,24.0,198.0,3.9,0.3,2.3,3.9
제주특별자치도,씨오르리조트,서귀포시,법환동,24.0,305.0,4.666666666666667,0.5,1.3333333333333333,4.666666666666667
제주특별자치도,그랜드하얏트제주,제주시,노형동,24.0,209.11764705882356,4.5,0.3529411764705882,1.4705882352941178,4.5
제주특별자치도,메리어트관 제주신화월드호텔앤리조트,서귀포시,안덕면,24.0,181.42857142857144,4.380952380952381,0.6190476190476191,1.8571428571428568,4.285714285714286
제주특별자치도,제주오리엔탈호텔,제주시,삼도이동,24.0,116.25,3.125,0.375,1.375,3.0
제주특별자치도,금호제주리조트,서귀포시,남원읍,24.0,214.6875,4.34375,0.59375,2.53125,4.3125
제주특별자치도,파크선샤인제주,서귀포시,서홍동,24.0,95.0,4.0,0.5,3.6666666666666665,4.0
제주특별자치도,제주한옥호텔 한라궁,서귀포시,토평동,24.0,127.5,4.0,0.5,3.5,4.0
제주특별자치도,호텔더본 탐모라,서귀포시,색달동,24.0,69.0,4.8,0.1,2.0,4.7
제주특별자치도,호텔더본 제주,서귀포시,색달동,24.0,146.8421052631579,4.842105263157895,0.4736842105263157,1.3157894736842106,4.789473684210527
제주특별자치도,서귀포KAL호텔,서귀포시,토평동,24.0,255.0,4.5,0.25,2.0,4.375
제주특별자치도,로긴리조트,제주시,용담삼동,24.0,137.14285714285714,4.857142857142857,0.2857142857142857,0.8571428571428571,4.857142857142857
제주특별자치도,돔그라미펜션,서귀포시,표선면,24.0,320.0,3.8333333333333335,0.1666666666666666,1.0,3.8333333333333335
제주특별자치도,달다락펜션,제주시,구좌읍,24.0,180.0,4.333333333333333,0.0,1.0,4.333333333333333
제주특별자치도,노블피아,서귀포시,서귀동,24.0,151.30434782608697,4.434782608695652,0.3043478260869565,1.0,4.391304347826087
제주특별자치도,비자림리조트,제주시,구좌읍,24.0,150.0,3.25,0.25,2.5,3.25
제주특별자치도,브리즈베이호텔,서귀포시,성산읍,24.0,120.0,3.8333333333333335,0.3333333333333333,2.5,3.6666666666666665
제주특별자치도,베니키아중문호텔,서귀포시,중문동,24.0,180.0,5.0,1.0,9.0,5.0
제주특별자치도,호텔시리우스,제주시,연동,24.0,80.0,3.7777777777777777,0.1111111111111111,1.1111111111111112,3.6666666666666665
경남,프래밀리풀빌라호텔,거제시,일운면,24.0,300.0,4.666666666666667,0.6666666666666666,1.3333333333333333,4.333333333333333
제주특별자치도,스타빌,서귀포시,안덕면,24.0,487.5,4.25,0.0,3.0,4.0
제주특별자치도,선흘림,제주시,조천읍,24.0,540.0,4.5,0.5,3.0,4.5
제주특별자치도,646미터퍼세크,제주시,한경면,24.0,90.0,4.5,0.0,2.0,4.5
제주특별자치도,펜션연리,서귀포시,하예동,24.0,150.0,4.5,0.0,1.5,4.5
제주특별자치도,룸엣155,서귀포시,남원읍,24.0,132.0,3.8,0.0,1.0,3.8
제주특별자치도,고투베드리조트,서귀포시,성산읍,24.0,472.5,4.25,0.0,1.0,4.25
제주특별자치도,호텔조이,제주시,삼도이동,24.0,157.5,3.0,0.25,4.75,3.0
제주특별자치도,체크인호텔,제주시,건입동,24.0,285.0,4.5,0.25,0.5,4.5
제주특별자치도,소노벨 제주,제주시,조천읍,24.0,207.69230769230768,3.4615384615384617,0.9230769230769232,2.230769230769231,3.4615384615384617
제주특별자치도,에벤에셀호텔,제주시,조천읍,24.0,231.66666666666663,3.6666666666666665,0.1111111111111111,1.2777777777777777,3.611111111111111
제주특별자치도,신신호텔 제주월드컵,서귀포시,서호동,24.0,162.85714285714286,3.571428571428572,0.0,1.4285714285714286,3.7142857142857135
제주특별자치도,엠스테이호텔 제주,서귀포시,서귀동,24.0,191.25,3.625,0.0,0.875,3.5
제주특별자치도,그림리조트,제주시,용담삼동,24.0,420.0,4.5,0.0,3.0,4.5
제주특별자치도,블루마운틴호텔,서귀포시,성산읍,24.0,214.28571428571428,2.7142857142857144,0.1428571428571428,1.4285714285714286,2.571428571428572
제주특별자치도,베스트웨스턴 제주호텔,제주시,노형동,24.0,248.57142857142856,3.7142857142857135,0.4285714285714285,1.5714285714285714,3.7142857142857135
제주특별자치도,MJ리조트,제주시,구좌읍,24.0,198.75,4.875,0.625,0.75,4.875
제주특별자치도,스위트메이서귀포호텔,서귀포시,강정동,24.0,270.0,4.0,0.0,1.0,3.6666666666666665
제주특별자치도,스타즈호텔 제주로베로,제주시,삼도이동,24.0,111.42857142857144,3.1904761904761907,0.1428571428571428,0.8571428571428571,3.238095238095238
제주특별자치도,애월스테이인제주,제주시,애월읍,24.0,131.25,3.625,0.125,1.75,3.5
제주특별자치도,성산비치호텔,서귀포시,성산읍,24.0,285.0,3.5,0.0,0.5,4.0
제주특별자치도,호텔골든데이지 서귀포오션,서귀포시,서귀동,24.0,127.5,3.9166666666666665,0.25,1.6666666666666667,3.583333333333333
제주특별자치도,호텔컬리넌 제주,제주시,연동,24.0,75.0,3.0,0.0,1.5,3.0
제주특별자치도,아시아호텔,제주시,노형동,24.0,90.0,3.0,0.0,1.0,3.0
제주특별자치도,한화리조트 제주,제주시,회천동,24.0,243.0,4.2,0.5,2.0,4.3
제주특별자치도,퍼스트70,서귀포시,서귀동,24.0,171.0,3.0,0.2,2.7,2.9
제주특별자치도,서귀포월드컵리조트,서귀포시,법환동,24.0,281.25,4.25,0.5,2.625,4.25
제주특별자치도,파르나스호텔 제주,서귀포시,색달동,24.0,42.85714285714285,4.571428571428571,0.0,0.5714285714285714,4.571428571428571
제주특별자치도,메리어트관 제주신화월드호텔앤리조트 모실클럽하우스,서귀포시,안덕면,24.0,90.0,4.6,0.4,2.0,4.6
제주특별자치도,하모니리조트,제주시,한림읍,24.0,105.0,3.5,0.0,2.5,3.5
제주특별자치도,코코스펜션,제주시,한림읍,24.0,276.0,4.2,0.2,4.0,3.8
제주특별자치도,이디오랜,제주시,한림읍,24.0,210.0,3.333333333333333,0.3333333333333333,4.333333333333333,3.333333333333333
제주특별자치도,호텔리젠트마린,제주시,건입동,24.0,237.0,4.6,0.25,1.9,4.65
제주특별자치도,탐라스테이호텔제주,제주시,애월읍,24.0,126.0,3.6,0.6,1.8,3.6
제주특별자치도,민박,서귀포시,하예동,24.0,250.0,3.0,0.6666666666666666,1.0,3.0
경남,여행스케치펜션,남해군,삼동면,24.0,135.0,4.0,0.0,2.5,4.5
제주특별자치도,호텔휴안스테이,서귀포시,성산읍,24.0,80.0,4.333333333333333,0.0,1.6666666666666667,4.333333333333333
인천,스테이노을,옹진군,자월면,24.0,560.0,5.0,0.6666666666666666,1.0,5.0
제주특별자치도,타마라 제주,서귀포시,법환동,24.0,182.5,4.333333333333333,0.25,1.0833333333333333,3.9166666666666665
제주특별자치도,낯선하루게스트하우스,서귀포시,성산읍,24.0,684.0,4.4,0.2,0.0,4.4
제주특별자치도,낯가림게스트하우스,제주시,애월읍,24.0,142.5,5.0,0.0,0.0,5.0
제주특별자치도,소낭게스트하우스 2호점,제주시,구좌읍,24.0,52.5,4.25,0.0,0.0,4.25
제주특별자치도,모들공간,제주시,구좌읍,24.0,180.0,5.0,0.0,0.0,5.0
제주특별자치도,활엽수게스트하우스,서귀포시,대정읍,24.0,190.0,4.666666666666667,0.0,0.6666666666666666,4.666666666666667
제주특별자치도,쁘띠제주빅터펜션,제주시,도두이동,24.0,370.0,4.333333333333333,0.3333333333333333,0.0,4.333333333333333
제주특별자치도,호텔스카브로,서귀포시,하예동,24.0,167.14285714285714,4.142857142857143,0.1428571428571428,3.142857142857143,4.142857142857143
제주특별자치도,위드시티호텔,제주시,노형동,24.0,190.0,5.0,0.3333333333333333,0.6666666666666666,5.0
제주특별자치도,아지호스텔,제주시,삼도2동,24.0,260.0,4.333333333333333,0.0,0.0,4.666666666666667
제주특별자치도,이디하우스,제주시,구좌읍,24.0,145.0,3.6666666666666665,0.6666666666666666,0.3333333333333333,3.6666666666666665
제주특별자치도,촌따이함덕게스트하우스,제주시,조천읍,24.0,255.0,4.0,0.0,0.0,4.0
제주특별자치도,그리고세화 해변점,제주시,구좌읍,24.0,45.0,3.0,0.0,1.0,3.0
인천,검디관광농원 캠핑장,강화군,길상면,24.0,660.0,5.0,0.3333333333333333,1.0,5.0
제주특별자치도,스위트호텔 제주점,서귀포시,색달동,24.0,173.33333333333334,4.555555555555555,0.1111111111111111,1.5555555555555556,4.444444444444445
제주특별자치도,모던플레이스,서귀포시,상예동,24.0,140.0,4.333333333333333,0.6666666666666666,0.3333333333333333,3.6666666666666665
제주특별자치도,아스타호텔,제주시,삼도일동,24.0,137.5,3.9166666666666665,0.4166666666666667,0.5,3.9166666666666665
제주특별자치도,레몬밤스테이,서귀포시,성산읍,24.0,180.0,5.0,0.6666666666666666,1.0,5.0
제주특별자치도,풀빌라소랑,제주시,조천읍,24.0,97.5,3.75,0.75,1.0,3.5
제주특별자치도,오소소게스트하우스,서귀포시,대정읍,24.0,285.0,4.5,0.5,0.0,4.5
제주특별자치도,하버하우스웨스트,제주시,애월읍,24.0,72.0,2.8,0.4,0.4,2.8
전남,베르니아펜션,여수시,돌산읍,24.0,165.0,5.0,0.0,12.0,5.0
제주특별자치도,탱자싸롱 게스트하우스,제주시,구좌읍,24.0,150.0,4.0,0.5,0.0,4.0
제주특별자치도,창경빌리지,제주시,조천읍,24.0,180.0,4.0,0.5,3.0,4.0
제주특별자치도,스테이 서하온,제주시,한경면,24.0,490.0,4.5,0.8333333333333334,1.0,3.5
경북,아라호텔,울릉군,울릉읍,24.0,180.0,4.333333333333333,0.6666666666666666,1.0,4.333333333333333
제주특별자치도,신신호텔 천지연,서귀포시,서귀동,24.0,230.7692307692308,3.0,0.0769230769230769,0.5384615384615384,2.923076923076923
제주특별자치도,그랜드조선 제주,서귀포시,색달동,24.0,356.25,4.5,0.375,2.125,4.375
제주특별자치도,코자호텔,서귀포시,대정읍,24.0,132.85714285714286,4.0,0.0,1.1428571428571428,4.0
제주특별자치도,라마다제주시티호텔,제주시,이도이동,24.0,127.5,4.083333333333333,0.4166666666666667,1.6666666666666667,4.083333333333333
제주특별자치도,히든클리프호텔&네이쳐,서귀포시,상예동,24.0,162.85714285714286,3.7142857142857135,0.1428571428571428,1.0,3.857142857142857
제주특별자치도,점보네게스트하우스,제주시,용담삼동,24.0,174.0,2.6,0.4,0.2,2.2
제주특별자치도,양이주택,서귀포시,안덕면,24.0,300.0,3.5,0.5,0.0,3.0
제주특별자치도,호텔난타,제주시,오등동,24.0,186.66666666666663,4.333333333333333,0.1111111111111111,1.0,4.222222222222222
충남,꽃지바다이야기펜션,태안군,안면읍,24.0,110.0,4.333333333333333,0.6666666666666666,3.0,4.333333333333333
제주특별자치도,제주공항게스트하우스 웨이브사운드,제주시,삼도이동,24.0,290.0,1.6666666666666667,0.3333333333333333,1.0,1.6666666666666667
경남,스터번호텔,거제시,동부면,24.0,140.0,5.0,0.0,2.333333333333333,5.0
경남,통영 한산마리나호텔&리조트,통영시,산양읍,24.0,75.0,5.0,0.0,3.0,5.0
제주특별자치도,호텔브릿지 서귀포,서귀포시,서귀동,24.0,289.4117647058824,3.941176470588236,0.1764705882352941,0.4705882352941176,4.0
제주특별자치도,티라호텔,서귀포시,성산읍,24.0,144.54545454545453,3.909090909090909,0.2727272727272727,0.8181818181818182,3.727272727272727
제주특별자치도,휘슬락호텔,제주시,건입동,24.0,117.0,4.0,0.7,1.2,3.8
제주특별자치도,제주엘루이호텔,제주시,삼도일동,24.0,325.7142857142857,2.857142857142857,0.0,1.2857142857142858,2.571428571428572
제주특별자치도,성산에오거들랑 게스트하우스,서귀포시,성산읍,24.0,135.0,3.0,0.0,0.0,3.0
제주특별자치도,마레보리조트,제주시,애월읍,24.0,180.0,4.0,0.0,2.0,3.6666666666666665
제주특별자치도,상상나무키즈펜션,서귀포시,표선면,24.0,220.0,3.333333333333333,0.0,2.6666666666666665,3.333333333333333
제주특별자치도,오션뷰제주 게스트하우스,서귀포시,안덕면,24.0,204.0,3.4,0.2,0.4,3.6
제주특별자치도,초원게스트하우스,제주시,우도면,24.0,210.0,4.0,0.0,0.0,4.0
제주특별자치도,제주스테이호텔,제주시,삼도이동,24.0,232.5,4.0,0.5,0.0,4.0
제주특별자치도,라마다프라자 제주호텔,제주시,삼도2동,24.0,240.0,2.909090909090909,0.5454545454545454,2.4545454545454546,2.8181818181818183
경남,양지펜션,통영시,욕지면,24.0,510.0,5.0,0.0,1.0,5.0
제주특별자치도,수앤수리조트,제주시,애월읍,24.0,120.0,5.0,0.0,1.0,5.0
제주특별자치도,호텔더원,제주시,연동,24.0,277.5,3.75,0.25,1.0,3.75
제주특별자치도,제주팔레스호텔,제주시,삼도2동,24.0,123.33333333333331,3.4444444444444446,0.5555555555555556,0.2222222222222222,3.4444444444444446
제주특별자치도,해마호텔,제주시,연동,24.0,735.0,2.5,0.0,0.0,2.0
제주특별자치도,아이진호텔,제주시,연동,24.0,295.7142857142857,3.571428571428572,0.2857142857142857,0.1428571428571428,3.4285714285714284
제주특별자치도,에이원호텔,제주시,연동,24.0,105.0,1.0,0.0,1.0,2.0
인천,그랜드하얏트인천,중구,운서동,24.0,102.0,5.0,0.0,2.4,5.0
제주특별자치도,제주1번가더테라스오피스텔,제주시,연동,24.0,176.66666666666666,4.666666666666667,0.4444444444444444,0.4444444444444444,4.666666666666667
제주특별자치도,푸르다오션펜션,제주시,한림읍,24.0,150.0,4.125,0.25,1.125,3.875
제주특별자치도,그라벨호텔제주,제주시,외도일동,24.0,171.42857142857142,4.0,0.0,1.8571428571428568,4.285714285714286
제주특별자치도,씨앤하우스,제주시,조천읍,24.0,270.0,4.0,0.5,3.0,3.5
제주특별자치도,해비치호텔앤드리조트 제주,서귀포시,표선면,24.0,208.69565217391303,4.826086956521739,0.5217391304347826,2.130434782608696,4.826086956521739
경남,경상남도교육청 종합복지관,고성군,회화면,24.0,210.0,4.0,0.0,2.0,4.0
경남,포르투나호텔,통영시,봉평동,24.0,150.0,4.666666666666667,0.0,1.3333333333333333,4.666666666666667
제주특별자치도,제주안달루시아,제주시,애월읍,24.0,780.0,3.5,1.0,5.0,3.5
제주특별자치도,벤티모호텔앤레지던스,제주시,연동,24.0,105.0,4.5,0.1666666666666666,2.0,4.666666666666667
제주특별자치도,피노&키오,제주시,구좌읍,24.0,490.0,4.666666666666667,0.3333333333333333,1.0,4.666666666666667
제주특별자치도,미르빌펜션&리조트,서귀포시,안덕면,24.0,165.0,3.5,0.0,2.25,3.0
제주특별자치도,아이브리조트,서귀포시,영남동,24.0,300.0,4.0,0.1111111111111111,3.111111111111111,3.888888888888889
제주특별자치도,라라스테이,제주시,한림읍,24.0,100.0,5.0,0.0,1.0,5.0
제주특별자치도,준하우스,제주시,구좌읍,24.0,150.0,2.0,0.0,1.0,2.0
제주특별자치도,호텔 케니 서귀포,서귀포시,서귀동,24.0,301.5,3.75,0.4,0.7,3.75
제주특별자치도,남쪽나라펜션,서귀포시,중문동,24.0,120.0,4.0,0.5,0.0,4.0
제주특별자치도,돌집 달문,서귀포시,안덕면,24.0,270.0,4.0,0.0,1.0,3.0
제주특별자치도,더비비스제주,서귀포시,강정동,24.0,240.0,4.0,0.0,0.6666666666666666,4.0
제주특별자치도,제주의시간은느리다,제주시,구좌읍,24.0,225.0,4.5,0.0,1.0,4.0
제주특별자치도,미도호스텔,서귀포시,서귀동,24.0,94.28571428571428,4.428571428571429,0.7142857142857143,0.5714285714285714,4.428571428571429
제주특별자치도,휘닉스제주,서귀포시,성산읍,24.0,246.0,4.5,0.5,2.1,4.7
제주특별자치도,제주센트럴시티호텔,제주시,연동,24.0,138.0,4.6,0.4,1.0,4.2
제주특별자치도,해피데이,제주시,연동,24.0,500.0,4.0,1.0,1.0,4.0
제주특별자치도,씨사이드아덴리조트,서귀포시,색달동,24.0,97.5,4.0,0.5,0.5,3.75
제주특별자치도,동행in협재,제주시,한림읍,24.0,620.0,3.0,0.3333333333333333,0.3333333333333333,3.0
인천,베스트웨스턴프리미어 인천에어포트호텔,중구,운서동,24.0,190.0,4.666666666666667,1.0,1.0,4.666666666666667
제주특별자치도,조이힐펜션,제주시,애월읍,24.0,135.0,5.0,0.0,3.0,5.0
제주특별자치도,동백동산,제주시,조천읍,24.0,337.5,3.5,0.0,1.0,3.5
경남,소노캄 거제,거제시,일운면,24.0,156.66666666666666,5.0,0.6666666666666666,3.0,5.0
제주특별자치도,제주오션팰리스,서귀포시,서귀동,24.0,122.3076923076923,4.076923076923077,0.5384615384615384,1.0769230769230769,4.769230769230769
제주특별자치도,골든튤립제주성산호텔,서귀포시,성산읍,24.0,228.46153846153845,4.153846153846154,0.3076923076923077,1.6923076923076923,4.076923076923077
제주특별자치도,올레스테이,서귀포시,서귀동,24.0,150.0,4.25,0.5,0.0,4.25
제주특별자치도,오름게스트하우스,제주시,구좌읍,24.0,170.0,4.333333333333333,0.0,1.0,4.0
제주특별자치도,이호웨이브,제주시,이호일동,24.0,255.0,4.0,0.25,0.0,4.0
제주특별자치도,디바인모먼츠,제주시,도두일동,24.0,160.0,3.333333333333333,0.0,0.0,3.6666666666666665
전남,라테라스리조트앤스파,여수시,돌산읍,24.0,137.14285714285714,4.714285714285714,0.0,3.571428571428572,4.714285714285714
제주특별자치도,미소가펜션,서귀포시,남원읍,24.0,140.0,3.6666666666666665,0.6666666666666666,1.0,4.0
경남,호텔올거제,거제시,일운면,24.0,210.0,3.333333333333333,0.0,1.0,3.333333333333333
제주특별자치도,길게스트하우스 산과바다사이,서귀포시,안덕면,24.0,240.0,4.666666666666667,0.3333333333333333,0.6666666666666666,4.333333333333333
제주특별자치도,중문시티호텔,서귀포시,중문동,24.0,30.0,3.5,0.0,1.0,3.0
제주특별자치도,유어스호텔,서귀포시,중문동,24.0,75.0,4.333333333333333,0.0,1.0,4.333333333333333
제주특별자치도,세종호텔,제주시,연동,24.0,375.0,2.5,0.0,2.5,2.75
제주특별자치도,토스카나호텔,서귀포시,강정동,24.0,384.0,4.6,0.4,1.4,4.4
제주특별자치도,돌과바람리조트,서귀포시,신효동,24.0,760.0,4.666666666666667,0.3333333333333333,2.333333333333333,4.666666666666667
제주특별자치도,산방산 파크텔,서귀포시,안덕면,24.0,180.0,4.333333333333333,0.0,0.3333333333333333,4.0
제주특별자치도,빌라노이제주,서귀포시,안덕면,24.0,154.28571428571428,4.714285714285714,0.4285714285714285,1.0,4.714285714285714
제주특별자치도,레브호텔,제주시,연동,24.0,130.0,3.0,0.0,0.6666666666666666,3.0
제주특별자치도,제제댁게스트하우스,제주시,조천읍,24.0,240.0,2.0,0.0,0.6666666666666666,1.6666666666666667
제주특별자치도,어반아일랜드호텔,제주시,연동,24.0,112.5,2.75,0.125,1.125,2.75
제주특별자치도,플레이스캠프제주,서귀포시,성산읍,24.0,201.1764705882353,3.882352941176471,0.4705882352941176,0.1764705882352941,3.941176470588236
제주특별자치도,FK알레그리아호텔,서귀포시,서귀동,24.0,160.0,3.6666666666666665,0.6666666666666666,3.6666666666666665,3.6666666666666665
제주특별자치도,일레인호텔,서귀포시,회수동,24.0,158.57142857142858,3.571428571428572,0.4285714285714285,1.4285714285714286,3.4285714285714284
제주특별자치도,호텔샬롬제주,제주시,이도이동,24.0,498.75,4.875,0.25,0.75,4.875
제주특별자치도,TJ게스트하우스,제주시,구좌읍,24.0,180.0,5.0,1.0,3.0,5.0
제주특별자치도,글로스터호텔제주,제주시,연동,24.0,90.0,2.4444444444444446,0.0,1.2222222222222223,2.111111111111111
제주특별자치도,금성487펜션,제주시,애월읍,24.0,125.0,4.5,0.5,1.0,4.5
제주특별자치도,엠스테이펜션,제주시,구좌읍,24.0,170.0,3.6666666666666665,0.0,1.3333333333333333,3.6666666666666665
제주특별자치도,또시오라,제주시,용담삼동,24.0,130.0,4.333333333333333,0.0,1.0,4.5
제주특별자치도,베어포레스트,서귀포시,안덕면,24.0,90.0,5.0,0.0,1.0,5.0
제주특별자치도,마로호스텔,제주시,일도이동,24.0,570.0,4.333333333333333,0.3333333333333333,1.6666666666666667,4.333333333333333
인천,연화문호텔,중구,을왕동,24.0,100.0,4.0,0.0,1.6666666666666667,4.0
제주특별자치도,제주호텔더엠,서귀포시,서귀동,24.0,145.71428571428572,4.428571428571429,0.4285714285714285,2.571428571428572,4.428571428571429
제주특별자치도,호텔통 연동점,제주시,연동,24.0,40.0,1.6666666666666667,0.0,0.3333333333333333,2.0
제주특별자치도,더나인스테이,제주시,연동,24.0,108.0,3.2,0.4,0.6,4.0
충남,힐링하우스,태안군,안면읍,24.0,195.0,5.0,0.0,3.0,5.0
제주특별자치도,베드라디오 도두봉,제주시,도두일동,24.0,195.0,3.8333333333333335,0.0,0.6666666666666666,3.6666666666666665
제주특별자치도,864펜션,서귀포시,안덕면,24.0,132.0,4.8,0.6,1.4,4.8
제주특별자치도,제이라움,서귀포시,대정읍,24.0,160.0,4.0,0.3333333333333333,2.0,4.333333333333333
제주특별자치도,퓨어스테이오션,제주시,도두이동,24.0,157.5,3.083333333333333,0.4166666666666667,0.5,3.0
제주특별자치도,곽지로온,제주시,애월읍,24.0,550.0,4.333333333333333,0.0,0.0,4.333333333333333
제주특별자치도,제주부영호텔앤리조트,서귀포시,중문동,24.0,451.875,4.5,0.5625,5.5625,4.5
제주특별자치도,오션스위츠 제주호텔,제주시,삼도2동,24.0,190.0,4.0,0.6666666666666666,2.333333333333333,4.0
제주특별자치도,스완지리조트,제주시,이호일동,24.0,190.0,3.0,0.6666666666666666,1.0,3.0
인천,네스트호텔,중구,운서동,24.0,165.0,4.409090909090909,0.5,1.1363636363636365,4.2727272727272725
제주특별자치도,제주신라호텔 더 파크뷰,서귀포시,색달동,24.0,90.0,4.333333333333333,0.6666666666666666,1.6666666666666667,4.333333333333333
제주특별자치도,아덴힐리조트&골프클럽,제주시,한림읍,24.0,135.0,4.0,0.3333333333333333,3.6666666666666665,4.166666666666667
제주특별자치도,더스테이센추리호텔,제주시,애월읍,24.0,213.33333333333331,3.6666666666666665,0.1111111111111111,2.4444444444444446,3.6666666666666665
제주특별자치도,제주애월몽,제주시,애월읍,24.0,150.0,4.0,0.0,5.0,4.0
제주특별자치도,마요피갤러리,제주시,구좌읍,24.0,150.0,4.0,0.3333333333333333,1.0,3.333333333333333
제주특별자치도,크럼스쿠키,제주시,구좌읍,24.0,270.0,5.0,1.0,1.0,5.0
제주특별자치도,히든스테이,서귀포시,성산읍,24.0,249.0,4.8,0.3,0.0,4.8
제주특별자치도,숨게스트하우스 제주공항점,제주시,용담1동,24.0,175.0,4.0,0.5,0.0,4.0
제주특별자치도,제주로와게스트하우스,제주시,연동,24.0,96.0,4.0,0.6,0.0,4.0
경남,그리운자리민박,통영시,한산면,24.0,405.0,5.0,0.0,1.0,5.0
제주특별자치도,블랙샌즈호텔,제주시,삼양이동,24.0,180.0,2.0,0.0,0.0,2.0
제주특별자치도,꼬뜨도르호텔,제주시,구좌읍,24.0,345.0,4.25,0.25,2.0,4.25
인천,웨스턴그레이스호텔,중구,중산동,24.0,180.0,5.0,0.5,0.75,5.0
제주특별자치도,켄싱턴리조트 서귀포,서귀포시,강정동,24.0,150.0,1.5,0.0,1.0,1.5
제주특별자치도,도깨비게스트하우스,제주시,조천읍,24.0,150.0,1.6666666666666667,0.3333333333333333,0.6666666666666666,1.3333333333333333
제주특별자치도,가시버시,서귀포시,표선면,24.0,165.0,5.0,0.0,0.0,5.0
제주특별자치도,키아오라리조트,서귀포시,성산읍,24.0,210.0,3.5,0.0,0.5,2.5
제주특별자치도,씨사이드뷰2,제주시,한경면,24.0,255.0,4.0,0.5,1.0,4.0
제주특별자치도,귤한가,제주시,한림읍,24.0,360.0,5.0,0.0,1.0,5.0
제주특별자치도,퍼시픽펜션,서귀포시,성산읍,24.0,140.0,4.666666666666667,0.6666666666666666,1.0,4.333333333333333
제주특별자치도,팜파스호텔 제주,제주시,용담삼동,24.0,138.0,3.0,0.2,1.4,2.6
제주특별자치도,소로소로,제주시,구좌읍,24.0,160.0,5.0,0.6666666666666666,0.0,5.0
제주특별자치도,어라운드폴리,서귀포시,성산읍,24.0,390.0,4.75,0.0,1.75,4.25
제주특별자치도,호텔연,서귀포시,서귀동,24.0,517.5,5.0,0.0,0.75,5.0
경기,카라반랜드,안산시,단원구,24.0,375.0,4.0,0.5,3.0,1.0
제주특별자치도,젠틀리조트,제주시,한경면,24.0,190.0,3.5,0.1666666666666666,1.0,3.5
제주특별자치도,충청북도해양교육원 제주분원,제주시,애월읍,24.0,225.0,5.0,1.0,1.0,5.0
제주특별자치도,제주사교장,제주시,삼도이동,24.0,580.0,4.666666666666667,0.0,0.0,4.333333333333333
제주특별자치도,썬시티게스트하우스 성산점,서귀포시,성산읍,24.0,225.0,5.0,0.5,0.0,5.0
제주특별자치도,제주도게스트하우스파티 한담누리,제주시,애월읍,24.0,280.0,4.333333333333333,0.3333333333333333,0.0,4.0
제주특별자치도,롯데시티호텔 제주,제주시,연동,24.0,489.0,4.1,0.3,1.4,4.1
제주특별자치도,마실펜션,제주시,구좌읍,24.0,230.0,4.333333333333333,1.0,1.0,4.333333333333333
제주특별자치도,서문레지던스,제주시,용담일동,24.0,190.0,5.0,0.0,1.3333333333333333,5.0
제주특별자치도,모든날이행복하기를,서귀포시,남원읍,24.0,170.0,4.0,0.0,2.0,4.0
제주특별자치도,솔루나x퍼머넌트베케이션,서귀포시,호근동,24.0,180.0,5.0,0.0,3.0,5.0
제주특별자치도,애월970스테이,제주시,애월읍,24.0,95.0,5.0,0.8333333333333334,5.0,5.0
제주특별자치도,산방산에머물다,서귀포시,안덕면,24.0,180.0,4.0,0.0,2.333333333333333,4.333333333333333
제주특별자치도,제주드림타워,제주시,노형동,24.0,420.0,4.8,0.2,1.6,4.6
제주특별자치도,너랑나랑게스트하우스,서귀포시,안덕면,24.0,127.5,3.0,0.0,0.0,3.25
경남,댕댕이애견풀빌라펜션,거제시,동부면,24.0,825.0,5.0,0.0,8.0,5.0
제주특별자치도,코업시티호텔 하버뷰,서귀포시,남원읍,24.0,120.0,3.125,0.625,1.125,3.375
제주특별자치도,캠핑스토리,제주시,애월읍,24.0,630.0,5.0,1.0,3.0,5.0
제주특별자치도,호텔앨리스&트렁크,제주시,연동,24.0,105.0,3.5,0.5,0.1666666666666666,3.5
제주특별자치도,서귀포JS호텔,서귀포시,법환동,24.0,172.5,4.0,0.0,1.0,4.0
제주특별자치도,오션스퀘어,서귀포시,성산읍,24.0,280.0,3.6666666666666665,0.0,0.6666666666666666,3.6666666666666665
제주특별자치도,머큐어앰배서더 제주,서귀포시,안덕면,24.0,607.5,4.75,0.5,9.0,4.5
인천,그랜드하얏트인천 웨스트타워,중구,운서동,24.0,255.0,5.0,0.0,1.0,5.0
제주특별자치도,제주센트럴파크레지던스,제주시,연동,24.0,465.0,4.75,0.75,1.0,4.75
제주특별자치도,토다게스트하우스,제주시,일도일동,24.0,125.0,4.833333333333333,0.5,0.1666666666666666,4.833333333333333
제주특별자치도,달이머물다 게스트하우스,제주시,구좌읍,24.0,260.0,4.333333333333333,0.3333333333333333,0.3333333333333333,4.333333333333333
제주특별자치도,쉴쿠다,제주시,한경면,24.0,156.0,3.6,0.0,1.0,3.6
제주특별자치도,호텔서귀피안,서귀포시,보목동,24.0,217.5,4.25,0.25,0.75,4.25
제주특별자치도,나비스호텔,제주시,애월읍,24.0,135.0,3.5,0.0,1.0,3.0
제주특별자치도,제주마실게스트하우스,제주시,오라일동,24.0,246.0,3.4,0.8,0.4,4.0
제주특별자치도,제주락,서귀포시,법환동,24.0,255.0,3.5,0.5,1.0,3.5
제주특별자치도,물고기자리게스트하우스,제주시,애월읍,24.0,120.0,2.0,0.5,0.0,2.0
제주특별자치도,BK호텔제주,서귀포시,서귀동,24.0,252.5,4.166666666666667,0.6666666666666666,7.0,4.166666666666667
제주특별자치도,렌소이스 게스트하우스,제주시,구좌읍,24.0,150.0,4.5,0.0,0.0,4.5
제주특별자치도,하도리오길잘했어,제주시,구좌읍,24.0,260.0,3.6666666666666665,0.3333333333333333,0.0,3.6666666666666665
제주특별자치도,에코티엘,제주시,연동,24.0,150.0,3.0,1.0,2.0,3.0
제주특별자치도,제주항공우주호텔,서귀포시,안덕면,24.0,225.0,3.5,0.5,2.0,3.5
전남,나로비치호텔,고흥군,봉래면,24.0,60.0,2.5,0.0,1.5,2.0
제주특별자치도,소노캄 제주,서귀포시,표선면,24.0,122.5,3.583333333333333,0.3333333333333333,1.1666666666666667,3.583333333333333
제주특별자치도,뜨레비호텔,제주시,연동,24.0,110.0,4.666666666666667,0.0,0.3333333333333333,4.666666666666667
제주특별자치도,호텔가온제이스테이,서귀포시,서귀동,24.0,150.0,3.5,0.5,0.0,1.0
제주특별자치도,노마드인제주,제주시,용담삼동,24.0,160.0,4.666666666666667,0.0,0.0,4.0
제주특별자치도,제주기역,제주시,한림읍,24.0,240.0,4.0,0.0,0.5,4.0
제주특별자치도,오조리비앤비펜션,서귀포시,성산읍,24.0,195.0,5.0,0.0,0.5,5.0
제주특별자치도,아트스테이함덕비치,제주시,조천읍,24.0,125.0,2.833333333333333,0.0,1.6666666666666667,2.833333333333333
제주특별자치도,JB풀빌라 남원점,서귀포시,남원읍,24.0,150.0,5.0,0.6666666666666666,0.0,5.0
제주특별자치도,헤이서귀포,서귀포시,서귀동,24.0,197.14285714285717,4.785714285714286,0.4285714285714285,0.6428571428571429,4.642857142857143
제주특별자치도,담모라리조트펜션,서귀포시,안덕면,24.0,323.3333333333333,4.111111111111111,0.4444444444444444,1.5555555555555556,4.0
제주특별자치도,제주푸른호텔,서귀포시,서호동,24.0,127.5,4.0,0.25,1.0,4.0
제주특별자치도,무명화가의집게스트하우스,서귀포시,성산읍,24.0,140.0,3.6666666666666665,0.6666666666666666,1.0,3.333333333333333
제주특별자치도,에코랜드호텔,제주시,조천읍,24.0,373.3333333333333,3.6666666666666665,0.1111111111111111,1.6666666666666667,3.4444444444444446
제주특별자치도,그린데이 게스트하우스,제주시,삼도이동,24.0,360.0,3.4,0.6,0.2,3.4
제주특별자치도,산방산에펜션,서귀포시,안덕면,24.0,660.0,2.0,0.0,1.0,2.5
제주특별자치도,보야지,제주시,삼양일동,24.0,645.0,3.0,0.0,2.0,3.0
제주특별자치도,피크엔드,제주시,도두일동,24.0,336.0,4.2,0.0,0.0,4.2
제주특별자치도,산방댁,서귀포시,안덕면,24.0,290.0,5.0,0.3333333333333333,0.0,5.0
제주특별자치도,머룬스테이,제주시,구좌읍,24.0,120.0,5.0,0.0,1.0,5.0
경북,준이네민박,울릉군,울릉읍,24.0,150.0,4.0,0.5,2.0,4.0
전남,대동모텔,진도군,진도읍,24.0,120.0,4.0,1.0,1.0,4.0
제주특별자치도,제주노블레스관광호텔,제주시,용담이동,24.0,360.0,3.333333333333333,0.0,0.6666666666666666,3.333333333333333
제주특별자치도,더오크라호텔,제주시,연동,24.0,165.0,4.0,0.0,0.5,3.5
제주특별자치도,호랑이주택,제주시,한림읍,24.0,210.0,4.454545454545454,0.8181818181818182,0.9090909090909092,4.454545454545454
제주특별자치도,베드라디오 동문점,제주시,건입동,24.0,168.0,3.5,0.5,1.2,3.4
제주특별자치도,탐라는파스타 호텔더본점,서귀포시,색달동,24.0,90.0,4.5,0.0,0.5,3.0
제주특별자치도,굿모닝하우스,서귀포시,색달동,24.0,270.0,3.5,0.0,1.0,3.5
제주특별자치도,꽃과그늘민박,제주시,한경면,24.0,30.0,5.0,0.0,1.0,5.0
제주특별자치도,나르샤리조트,서귀포시,안덕면,24.0,900.0,3.5,0.0,1.0,4.5
제주특별자치도,협재 마당게스트하우스,제주시,한림읍,24.0,210.0,3.333333333333333,0.3333333333333333,0.0,3.333333333333333
제주특별자치도,머문공간 게스트하우스,서귀포시,성산읍,24.0,195.0,5.0,0.25,1.75,5.0
제주특별자치도,교래자연휴양림,제주시,조천읍,24.0,300.0,5.0,0.0,0.0,5.0
제주특별자치도,해나게스트하우스,제주시,애월읍,24.0,120.0,5.0,0.6666666666666666,2.0,5.0
인천,리틀미코노스 선재도,옹진군,영흥면,24.0,285.0,5.0,0.5,0.0,5.0
제주특별자치도,호텔버지니아,서귀포시,서귀동,24.0,282.0,4.6,0.0,1.2,4.6
인천,에어스카이호텔,중구,중산동,24.0,412.5,5.0,0.0,1.5,5.0
제주특별자치도,비양도,제주시,한림읍,24.0,450.0,4.0,1.0,2.5,4.0
제주특별자치도,아이미제주비치호텔,제주시,조천읍,24.0,210.0,3.0,0.0,1.0,3.0
제주특별자치도,베니키아호텔 제주,제주시,애월읍,24.0,127.5,3.5,0.25,1.5,3.25
경남,블루힐,남해군,삼동면,24.0,90.0,4.0,0.0,1.0,5.0
인천,오션솔레뷰호텔,중구,중산동,24.0,180.0,5.0,0.0,0.0,5.0
인천,석모도자연휴양림,강화군,삼산면,24.0,330.0,4.333333333333333,0.6666666666666666,4.0,4.333333333333333
경남,통영오토캠핑장,통영시,용남면,24.0,195.0,2.0,0.0,1.0,2.0
제주특별자치도,자담하우스,서귀포시,안덕면,24.0,165.0,4.0,0.0,3.0,4.0
제주특별자치도,메르블루호텔,제주시,도두이동,24.0,180.0,4.25,0.5,1.0,4.75
제주특별자치도,브릿지레지던스호텔,서귀포시,법환동,24.0,177.0,4.2,0.6,0.3,4.6
제주특별자치도,루체빌,서귀포시,안덕면,24.0,330.0,3.8,0.2,1.2,3.6
제주특별자치도,솔펜션,제주시,구좌읍,24.0,80.0,3.6666666666666665,0.0,2.333333333333333,3.6666666666666665
제주특별자치도,바다야펜션,제주시,조천읍,24.0,412.5,3.0,0.5,0.0,3.0
제주특별자치도,이스턴호텔 제주,서귀포시,서호동,24.0,105.0,3.5,0.0,2.0,3.25
제주특별자치도,제주가좋아서,제주시,구좌읍,24.0,330.0,5.0,0.0,4.0,5.0
제주특별자치도,빈티지1950카페펜션,제주시,구좌읍,24.0,195.0,4.0,0.5,1.0,4.5
제주특별자치도,탑스텐빌라드애월 제주,제주시,애월읍,24.0,142.5,2.75,0.0,1.0,2.5
제주특별자치도,그랜드밀리언스호텔 서귀포,서귀포시,서호동,24.0,290.0,4.0,0.0,0.3333333333333333,3.8333333333333335
제주특별자치도,하마다게스트하우스,서귀포시,남원읍,24.0,420.0,4.0,0.5,0.0,3.0
제주특별자치도,호텔휴식 서귀포,서귀포시,서귀동,24.0,144.0,3.6,0.6,1.2,3.4
제주특별자치도,훈데르트힐즈,제주시,우도면,24.0,257.1428571428572,4.857142857142857,0.1428571428571428,1.8571428571428568,4.857142857142857
경남,삼성호텔 거제,거제시,장평동,24.0,140.0,4.333333333333333,0.3333333333333333,0.3333333333333333,5.0
충남,오후의바다펜션,태안군,남면,24.0,255.0,3.5,0.0,1.0,3.5
제주특별자치도,페이지672,서귀포시,표선면,24.0,90.0,5.0,0.0,8.0,5.0
제주특별자치도,오투힐 제주점,제주시,구좌읍,24.0,135.0,4.5,0.0,1.0,4.0
제주특별자치도,신라스테이 제주,제주시,연동,24.0,97.5,5.0,0.75,0.5,5.0
제주특별자치도,어반트리펜션,제주시,애월읍,24.0,300.0,3.0,0.0,0.0,3.0
제주특별자치도,제주혼디펜션,제주시,애월읍,24.0,180.0,4.5,1.0,2.0,4.0
제주특별자치도,호텔펄리플러스,제주시,도두일동,24.0,435.0,5.0,0.5,4.0,5.0
제주특별자치도,비스타케이호텔 월드컵,서귀포시,법환동,24.0,133.33333333333334,3.111111111111111,0.7777777777777778,4.0,3.111111111111111
제주특별자치도,호텔징크,서귀포시,서귀동,24.0,202.5,4.0,0.0,0.75,4.0
제주특별자치도,온더스톤펜션,서귀포시,성산읍,24.0,165.0,3.5,0.0,1.5,3.5
제주특별자치도,유니호텔 앤 풀빌라,제주시,애월읍,24.0,45.0,3.5,0.0,0.0,3.5
제주특별자치도,그랑빌펜션,서귀포시,색달동,24.0,150.0,4.0,0.6666666666666666,3.333333333333333,4.0
인천,베니키아 월미도 더 블리스호텔,중구,북성동1가,24.0,200.0,4.666666666666667,0.0,0.0,4.666666666666667
제주특별자치도,기린빌라리조트,서귀포시,남원읍,24.0,232.5,3.5,0.25,4.0,3.25
제주특별자치도,스테이도노,제주시,조천읍,24.0,100.0,5.0,0.0,1.0,5.0
제주특별자치도,하이제주호텔,제주시,한림읍,24.0,220.0,3.333333333333333,0.1666666666666666,0.8333333333333334,3.333333333333333
제주특별자치도,호텔윈스토리,서귀포시,서귀동,24.0,125.0,4.333333333333333,0.0,2.0,4.333333333333333
제주특별자치도,초롱민박,서귀포시,성산읍,24.0,330.0,5.0,0.75,1.0,5.0
제주특별자치도,아마빌레펜션,제주시,애월읍,24.0,100.0,5.0,0.0,1.0,5.0
제주특별자치도,비스비제주 앤 팜빌리지,서귀포시,호근동,24.0,120.0,4.5,0.0,1.5,4.5
인천,더위크앤 리조트,중구,을왕동,24.0,130.0,4.666666666666667,0.6666666666666666,1.3333333333333333,4.666666666666667
제주특별자치도,코업시티호텔 성산,서귀포시,성산읍,24.0,140.0,3.0,0.8333333333333334,0.3333333333333333,3.0
제주특별자치도,아루미호텔,서귀포시,색달동,24.0,427.5,4.25,0.5,0.25,4.5
제주특별자치도,빠레브호텔,서귀포시,강정동,24.0,427.5,3.5,0.0,2.5,3.5
제주특별자치도,김녕해수욕장 야영장,제주시,구좌읍,24.0,232.5,4.25,0.0,1.0,3.25
제주특별자치도,제주신라호텔 풀사이드바,서귀포시,색달동,24.0,105.0,4.0,0.0,1.5,3.5
제주특별자치도,제주게스트하우스,제주시,용담이동,24.0,240.0,3.5,0.0,0.5,3.5
제주특별자치도,빌레리조트,제주시,애월읍,24.0,180.0,4.333333333333333,0.0,1.0,3.6666666666666665
제주특별자치도,오션트리,서귀포시,강정동,24.0,90.0,4.666666666666667,0.3333333333333333,1.3333333333333333,4.666666666666667
제주특별자치도,용스테이,제주시,연동,24.0,105.0,3.0,0.5,3.0,3.0
제주특별자치도,제주바다마루펜션,서귀포시,표선면,24.0,315.0,4.5,0.0,2.5,4.5
제주특별자치도,파미유스파리조트,서귀포시,강정동,24.0,420.0,4.5,0.5,3.0,4.5
제주특별자치도,더포힐스호텔,제주시,도두이동,24.0,105.0,1.5,0.0,0.0,1.0
제주특별자치도,괜찮아,제주시,구좌읍,24.0,255.0,4.0,0.0,0.5,4.0
제주특별자치도,각자의섬,제주시,구좌읍,24.0,180.0,5.0,0.0,0.5,5.0
경남,돌고래펜션,통영시,산양읍,24.0,795.0,4.0,0.5,5.0,3.5
충남,유앤아이펜션,태안군,안면읍,24.0,60.0,5.0,0.0,0.0,5.0
제주특별자치도,오션패밀리호텔,제주시,이호일동,24.0,690.0,4.571428571428571,0.1428571428571428,1.7142857142857142,4.714285714285714
제주특별자치도,블룸호텔,서귀포시,색달동,24.0,410.0,5.0,0.0,3.0,5.0
전남,김선기가옥,담양군,대덕면,24.0,90.0,5.0,0.0,1.0,5.0
경남,통영그란데호스텔,통영시,미수동,24.0,285.0,5.0,0.5,1.0,5.0
제주특별자치도,성게돌펜션,서귀포시,하효동,24.0,180.0,3.0,0.8,1.6,2.8
전남,노블관광호텔,여수시,돌산읍,24.0,220.0,4.0,0.3333333333333333,0.0,3.0
제주특별자치도,물고기나무 게스트하우스,서귀포시,성산읍,24.0,435.0,5.0,0.0,1.0,5.0
경남,무학아파트,창원시,마산회원구,24.0,307.5,5.0,1.0,3.0,5.0
제주특별자치도,봉자게스트하우스,제주시,우도면,24.0,550.0,4.666666666666667,0.3333333333333333,4.0,4.666666666666667
경남,남해서울농장,남해군,상주면,24.0,180.0,5.0,0.0,4.0,5.0
제주특별자치도,그랜드메르호텔제주,서귀포시,하예동,24.0,130.0,3.6666666666666665,0.6666666666666666,1.0,3.0
제주특별자치도,지금여기에,제주시,한림읍,24.0,110.0,5.0,0.6666666666666666,1.0,5.0
제주특별자치도,소근소근,제주시,구좌읍,24.0,140.0,5.0,0.6666666666666666,1.0,5.0
제주특별자치도,무주애,제주시,구좌읍,24.0,210.0,4.0,0.6666666666666666,1.0,3.6666666666666665
제주특별자치도,미소게스트하우스,제주시,일도일동,24.0,305.0,4.666666666666667,0.0,0.0,4.5
제주특별자치도,NH농협은행제주수련원,서귀포시,표선면,24.0,160.0,5.0,1.0,1.0,5.0
제주특별자치도,달1037,서귀포시,성산읍,24.0,225.0,5.0,0.5,1.0,5.0
제주특별자치도,피노호텔,서귀포시,서귀동,24.0,195.0,2.0,0.0,1.5,2.0
제주특별자치도,하루앤하루,제주시,조천읍,24.0,170.0,4.0,0.0,1.0,4.0
제주특별자치도,포도호텔,서귀포시,안덕면,24.0,520.0,3.6666666666666665,0.0,1.0,3.6666666666666665
제주특별자치도,함덕푸른밤,제주시,조천읍,24.0,780.0,5.0,0.0,4.0,5.0
제주특별자치도,참피온호텔,제주시,삼도일동,24.0,156.0,3.2,0.4,0.6,3.4
제주특별자치도,포니제주,제주시,조천읍,24.0,225.0,4.0,0.0,0.0,4.0
제주특별자치도,베롱베롱in행원,제주시,구좌읍,24.0,165.0,2.0,0.0,0.0,2.0
제주특별자치도,삼해인관광호텔,제주시,연동,24.0,82.5,2.75,0.25,0.5,2.75
경남,까사델문도펜션,거제시,일운면,24.0,780.0,5.0,0.0,1.0,5.0
제주특별자치도,스테이헤이븐 펜션,제주시,애월읍,24.0,150.0,3.0,0.0,3.0,3.0
제주특별자치도,흰수염고래리조트,제주시,애월읍,24.0,135.0,5.0,0.0,7.0,5.0
제주특별자치도,더큐브리조트 제주,서귀포시,토평동,24.0,177.0,4.1,0.5,3.0,4.1
인천,이루라책방,강화군,내가면,24.0,210.0,5.0,0.0,3.0,5.0
제주특별자치도,골든비치펜션,제주시,용담삼동,24.0,150.0,3.0,0.0,5.333333333333333,3.0
제주특별자치도,다인리조트,제주시,애월읍,24.0,162.0,3.8,0.2,4.2,3.8
제주특별자치도,바랑쉬게스트하우스,서귀포시,성산읍,24.0,225.0,3.0,0.5,0.5,1.5
제주특별자치도,제주도 게스트하우스파티 간장남들,서귀포시,안덕면,24.0,570.0,3.0,0.0,0.5,3.5
제주특별자치도,문어오빠제주게스트하우스,제주시,한림읍,24.0,255.0,5.0,0.0,0.0,5.0
제주특별자치도,월정플레이스,제주시,구좌읍,24.0,130.0,4.0,0.0,3.0,4.333333333333333
제주특별자치도,신제주연동트리플시티오피스텔,제주시,연동,24.0,135.0,3.5,0.5,3.0,2.0
전남,프라하호텔,완도군,완도읍,24.0,120.0,5.0,0.5,1.0,5.0
경북,성우모텔,울릉군,울릉읍,24.0,225.0,3.0,1.0,1.0,3.0
경북,위드U,울릉군,울릉읍,24.0,170.0,4.666666666666667,0.6666666666666666,0.6666666666666666,4.666666666666667
경남,동백여관게스트하우스,통영시,미수동,24.0,210.0,4.0,0.0,6.0,4.0
제주특별자치도,마메르,제주시,구좌읍,24.0,90.0,5.0,0.0,0.0,5.0
제주특별자치도,파밀리아호텔,서귀포시,대포동,24.0,150.0,4.5,0.5,0.0,4.0
제주특별자치도,소곤닥하우스,제주시,조천읍,24.0,45.0,4.0,0.0,2.0,3.0
제주특별자치도,헤르멘하우스,서귀포시,대정읍,24.0,210.0,4.0,0.0,8.0,4.0
제주특별자치도,스테리나잇제주펜션,제주시,애월읍,24.0,220.0,5.0,0.3333333333333333,1.0,5.0
제주특별자치도,레몬하우스,제주시,한림읍,24.0,315.0,4.0,1.0,0.0,4.0
충남,달이머무는바다펜션,태안군,안면읍,24.0,360.0,5.0,0.0,1.0,5.0
제주특별자치도,더그랜드섬오름 본관,서귀포시,법환동,24.0,160.0,5.0,1.0,4.0,5.0
전남,쏘타컬렉션 더 여수,여수시,국동,24.0,140.0,5.0,0.6666666666666666,1.0,5.0
제주특별자치도,제주해조대,제주시,한림읍,24.0,120.0,5.0,0.0,1.0,5.0
제주특별자치도,바라크라펜션,서귀포시,보목동,24.0,150.0,4.0,0.0,3.0,4.5
제주특별자치도,바람에스치운다,제주시,구좌읍,24.0,100.0,4.0,1.0,0.0,4.0
제주특별자치도,호텔위드제주,제주시,노형동,24.0,287.1428571428572,3.2857142857142856,0.4285714285714285,0.8571428571428571,3.4285714285714284
제주특별자치도,CASA블루,제주시,한림읍,24.0,193.33333333333331,4.777777777777778,1.0,2.0,4.777777777777778
제주특별자치도,위드스테이호텔,제주시,노형동,24.0,105.0,1.0,0.0,2.0,1.0
경남,내원자동차야영장,산청군,삼장면,24.0,390.0,5.0,0.5,1.0,5.0
경북,섬게스트하우스&카페,울릉군,서면,24.0,132.0,1.0,0.8,0.0,1.0
제주특별자치도,우림호텔,제주시,애월읍,24.0,102.0,4.8,0.8,2.0,4.8
제주특별자치도,정글게스트하우스,제주시,애월읍,24.0,170.0,5.0,1.0,0.0,5.0
제주특별자치도,제니빌펜션,서귀포시,남원읍,24.0,460.0,3.333333333333333,0.0,3.6666666666666665,3.333333333333333
경북,내수전몽돌해변,울릉군,울릉읍,24.0,350.0,4.0,1.0,2.0,4.0
제주특별자치도,도두해수파크,제주시,도두일동,24.0,120.0,4.0,0.5,0.0,4.0
제주특별자치도,라온프라이빗타운,제주시,한림읍,24.0,75.0,4.5,1.0,6.0,4.5
제주특별자치도,하도36,제주시,구좌읍,24.0,190.0,4.0,0.6666666666666666,0.0,4.0
제주특별자치도,한라산국립공원 관음사지구야영장,제주시,오등동,24.0,195.0,5.0,0.5,3.0,5.0
제주특별자치도,안녕함덕,제주시,조천읍,24.0,690.0,3.0,0.0,1.0,3.5
제주특별자치도,제주라일락,제주시,구좌읍,24.0,75.0,2.0,0.0,1.0,2.0
제주특별자치도,Atnoon호텔,제주시,연동,24.0,180.0,4.5,0.25,3.0,4.5
제주특별자치도,라마다바이윈덤 제주더함덕호텔,제주시,조천읍,24.0,105.0,3.5,0.0,2.0,3.5
제주특별자치도,이큐스테이,제주시,한림읍,24.0,370.0,3.0,0.0,1.0,2.333333333333333
제주특별자치도,금등이,제주시,한경면,24.0,320.0,5.0,0.6666666666666666,3.0,5.0
제주특별자치도,코델리아S호텔,서귀포시,성산읍,24.0,240.0,3.8,0.0,0.8,3.8
제주특별자치도,디아넥스호텔,서귀포시,안덕면,24.0,200.0,4.666666666666667,0.3333333333333333,0.3333333333333333,5.0
제주특별자치도,엉알게스트하우스,제주시,한경면,24.0,135.0,4.5,0.5,1.0,4.0
제주특별자치도,게으른날,서귀포시,대정읍,24.0,240.0,4.0,0.0,0.0,4.0
제주특별자치도,다노이게스트하우스,제주시,구좌읍,24.0,247.5,4.75,0.5,0.5,5.0
제주특별자치도,모루헌,서귀포시,호근동,24.0,180.0,5.0,1.0,1.0,5.0
제주특별자치도,산방산코아루아이비타운,서귀포시,안덕면,24.0,160.0,4.333333333333333,0.6666666666666666,1.0,4.333333333333333
제주특별자치도,제주아인,제주시,구좌읍,24.0,150.0,5.0,0.0,4.0,5.0
제주특별자치도,제주샹그릴라호텔앤리조트,제주시,해안동,24.0,225.0,1.0,0.0,2.0,2.0
제주특별자치도,벨라유나,제주시,조천읍,24.0,75.0,1.5,0.0,1.0,1.0
제주특별자치도,자고가게스트하우스,서귀포시,성산읍,24.0,310.0,3.6666666666666665,0.0,1.3333333333333333,3.333333333333333
제주특별자치도,투피쉬하우스,제주시,애월읍,24.0,330.0,5.0,0.0,2.0,5.0
제주특별자치도,함덕촌따이민박,제주시,조천읍,24.0,315.0,4.5,0.0,2.0,4.5
제주특별자치도,르페도라펜션,서귀포시,남원읍,24.0,120.0,5.0,0.6666666666666666,1.3333333333333333,5.0
경남,르솔레이풀빌라펜션,거제시,동부면,24.0,310.0,5.0,0.0,2.0,5.0
제주특별자치도,성산플로우,서귀포시,성산읍,24.0,127.5,4.5,0.0,0.5,4.5
제주특별자치도,하루하나,제주시,애월읍,24.0,180.0,5.0,0.5,1.0,5.0
제주특별자치도,소담소담 게스트하우스,제주시,용담이동,24.0,150.0,2.5,0.0,0.0,2.0
제주특별자치도,애월더선셋리조트,제주시,애월읍,24.0,280.0,4.666666666666667,0.0,1.0,4.333333333333333
제주특별자치도,공간인화,서귀포시,서귀동,24.0,105.0,4.5,0.5,0.0,4.5
제주특별자치도,현이네,제주시,한림읍,24.0,120.0,3.5,0.0,1.0,4.0
인천,자바카라반,옹진군,영흥면,24.0,510.0,4.0,0.5,1.0,4.0
제주특별자치도,함덕비치스테이제주,제주시,조천읍,24.0,720.0,4.0,0.0,0.0,3.5
제주특별자치도,덕천연수원,제주시,구좌읍,24.0,260.0,4.666666666666667,1.0,1.0,4.666666666666667
경기,펜션J하우스,화성시,서신면,24.0,220.0,2.333333333333333,0.3333333333333333,2.0,2.333333333333333
제주특별자치도,와이리조트 제주,서귀포시,안덕면,24.0,232.5,5.0,0.0,3.75,5.0
제주특별자치도,라움호텔,제주시,연동,24.0,50.0,4.0,0.6666666666666666,5.0,3.333333333333333
제주특별자치도,제주롱비치펜션,서귀포시,남원읍,24.0,112.5,2.25,0.75,5.0,2.0
제주특별자치도,소풍이야기펜션,제주시,애월읍,24.0,720.0,3.0,1.0,5.0,3.0
제주특별자치도,협재해수욕장 야영장,제주시,한림읍,24.0,345.0,5.0,0.5,1.0,5.0
제주특별자치도,제주좋은날,제주시,애월읍,24.0,150.0,5.0,0.0,0.0,5.0
제주특별자치도,제주서핑스쿨,서귀포시,색달동,24.0,71.25,4.0,1.0,1.0,4.0
제주특별자치도,선경오피스텔,서귀포시,서귀동,24.0,40.0,3.333333333333333,0.0,1.0,3.333333333333333
제주특별자치도,휘닉스제주 오렌지동,서귀포시,성산읍,24.0,255.0,5.0,1.0,4.0,5.0
제주특별자치도,월정리썬시티 게스트하우스,제주시,구좌읍,24.0,270.0,4.5,0.0,1.0,4.5
제주특별자치도,월정느루,제주시,구좌읍,24.0,180.0,5.0,0.0,1.0,5.0
제주특별자치도,엠버호텔 제주,제주시,연동,24.0,75.0,3.0,0.0,0.0,3.0
제주특별자치도,르메인호텔 서귀포,서귀포시,안덕면,24.0,195.0,3.0,0.0,1.0,3.0
제주특별자치도,해비치호텔엔리조트 섬모라,서귀포시,표선면,24.0,75.0,5.0,0.5,2.0,5.0
경남,남해 명품 게스트하우스,남해군,창선면,24.0,240.0,5.0,0.6666666666666666,4.0,5.0
제주특별자치도,애월씨앤스타,제주시,애월읍,24.0,105.0,3.5,0.5,1.0,3.0
제주특별자치도,제주숲게스트하우스,서귀포시,남원읍,24.0,285.0,3.0,0.5,0.0,3.5
전남,엘도라도리조트,신안군,증도면,24.0,100.0,3.333333333333333,0.0,1.0,3.333333333333333
제주특별자치도,1미리게스트하우스,제주시,한림읍,24.0,397.5,3.75,0.25,0.5,4.0
제주특별자치도,애월담펜션,제주시,애월읍,24.0,170.0,4.666666666666667,0.0,7.0,4.666666666666667
제주특별자치도,비양도 캠핑장,제주시,우도면,24.0,337.5,4.25,0.0,0.5,4.75
제주특별자치도,까사로마호텔,서귀포시,서귀동,24.0,150.0,4.5,0.0,1.5,4.5
제주특별자치도,안녕김녕씨,제주시,구좌읍,24.0,170.0,4.0,0.3333333333333333,0.3333333333333333,4.0
제주특별자치도,시재시재,제주시,한경면,24.0,120.0,5.0,0.5,1.0,5.0
경남,하노버펜션,남해군,삼동면,24.0,75.0,4.0,0.5,1.0,4.0
제주특별자치도,인덱스 제이드림호텔,제주시,연동,24.0,141.42857142857142,4.0,0.2857142857142857,0.5714285714285714,4.0
제주특별자치도,민수민수 게스트하우스,제주시,한림읍,24.0,70.0,5.0,0.6666666666666666,0.0,5.0
제주특별자치도,제주퍼시픽호텔,제주시,용담1동,24.0,380.0,4.0,0.3333333333333333,9.0,4.0
제주특별자치도,호텔제이힐,서귀포시,중문동,24.0,140.0,3.333333333333333,0.6666666666666666,0.6666666666666666,3.333333333333333
제주특별자치도,유탑유블레스호텔 제주,제주시,조천읍,24.0,112.5,4.25,0.0,1.0,4.5
제주특별자치도,북마크하우스,서귀포시,대정읍,24.0,105.0,3.0,1.0,1.0,3.0
제주특별자치도,홍스랜드,제주시,애월읍,24.0,150.0,5.0,0.25,1.5,5.0
경남,아난티 남해,남해군,남면,24.0,130.0,3.333333333333333,0.3333333333333333,4.0,3.333333333333333
경남,한려해상국립공원 학동야영장,거제시,동부면,24.0,225.0,3.0,1.0,0.0,3.0
제주특별자치도,에코블루오피스텔,제주시,연동,24.0,120.0,1.6666666666666667,1.0,1.0,3.0
제주특별자치도,마제스티 펜션,제주시,한림읍,24.0,165.0,5.0,0.0,1.0,5.0
경남,공곶이가는길펜션,거제시,일운면,24.0,630.0,5.0,1.0,4.0,3.6666666666666665
제주특별자치도,골드원호텔&스위트,서귀포시,서호동,24.0,210.0,4.5,0.5,0.0,4.0
제주특별자치도,위미위드미게스트하우스,서귀포시,남원읍,24.0,180.0,5.0,0.0,0.0,5.0
인천,옹암파라다이스,옹진군,북도면,24.0,960.0,4.5,0.0,0.0,4.0
제주특별자치도,후스토리게스트하우스,서귀포시,색달동,24.0,30.0,3.0,1.0,0.0,3.0
제주특별자치도,바당고띠,제주시,외도이동,24.0,150.0,5.0,0.3333333333333333,0.6666666666666666,5.0
제주특별자치도,싹게스트하우스,제주시,이호일동,24.0,290.0,4.0,0.5,0.3333333333333333,3.8333333333333335
제주특별자치도,민트게스트하우스,제주시,용담일동,24.0,30.0,4.5,0.0,0.0,4.5
제주특별자치도,등불게스트하우스,제주시,애월읍,24.0,270.0,4.0,0.5,1.0,4.0
제주특별자치도,하모스테이,제주시,한림읍,24.0,330.0,2.0,0.0,0.0,3.0
제주특별자치도,디스빌라691,제주시,한경면,24.0,240.0,5.0,0.0,1.0,5.0
제주특별자치도,평대리 1972,제주시,구좌읍,24.0,135.0,4.0,0.5,2.0,3.5
제주특별자치도,저지안트레,제주시,한경면,24.0,190.0,2.0,0.0,1.0,2.0
제주특별자치도,성지도예 나무랑펜션,서귀포시,표선면,24.0,705.0,2.0,0.5,3.0,2.0
제주특별자치도,해변산책,제주시,애월읍,24.0,105.0,4.0,0.5,1.0,4.0
제주특별자치도,마레1440,제주시,구좌읍,24.0,150.0,3.8,0.0,0.0,3.6
인천,웨스트포인트펜션,강화군,화도면,24.0,360.0,3.333333333333333,0.0,7.0,3.333333333333333
제주특별자치도,사하라호텔,제주시,삼도일동,24.0,330.0,3.0,0.0,1.5,3.0
제주특별자치도,제이팜휴양펜션,서귀포시,하원동,24.0,180.0,5.0,0.0,3.0,5.0
제주특별자치도,제주명성아카데미하우스,제주시,조천읍,24.0,60.0,2.333333333333333,1.0,3.0,1.3333333333333333
제주특별자치도,에일린게스트하우스,제주시,구좌읍,24.0,280.0,5.0,0.6666666666666666,0.0,5.0
제주특별자치도,제주도하숙집 게스트하우스,제주시,외도일동,24.0,140.0,4.666666666666667,0.3333333333333333,0.0,5.0
제주특별자치도,베이힐풀앤빌라,서귀포시,하예동,24.0,270.0,5.0,0.25,1.0,4.0
인천,야생화카페펜션,강화군,화도면,24.0,195.0,3.0,0.0,1.0,3.0
제주특별자치도,제주별장 이재,제주시,조천읍,24.0,240.0,4.5,0.5,3.0,4.5
제주특별자치도,우도머뭄,제주시,우도면,24.0,130.0,4.0,0.6666666666666666,0.0,4.0
제주특별자치도,옵데가 바이 에퀴녹스,제주시,한림읍,24.0,60.0,3.0,0.5,0.0,3.0
제주특별자치도,대동호텔,제주시,일도일동,24.0,90.0,3.0,1.0,0.0,2.5
제주특별자치도,엔게디하우스,제주시,한림읍,24.0,120.0,4.0,1.0,4.0,4.0
인천,해둥실펜션,중구,무의동,24.0,195.0,2.5,0.5,1.0,2.5
제주특별자치도,회사사택,서귀포시,안덕면,24.0,195.0,3.0,0.5,3.0,4.0
제주특별자치도,썬다이브,서귀포시,서귀동,24.0,750.0,5.0,1.0,3.0,5.0
제주특별자치도,랑데뷰펜션,제주시,애월읍,24.0,240.0,5.0,0.0,3.0,5.0
제주특별자치도,뉴제주호텔,제주시,노형동,24.0,90.0,3.0,0.0,2.0,3.0
제주특별자치도,제주수망휴양펜션,서귀포시,남원읍,24.0,180.0,4.333333333333333,0.6666666666666666,3.0,4.333333333333333
경남,웨이브호텔&펜션,거제시,일운면,24.0,150.0,4.0,0.5,1.0,4.0
제주특별자치도,조브라더스 게스트하우스,제주시,한경면,24.0,270.0,4.0,0.0,0.5,3.0
제주특별자치도,더제이드호텔,제주시,일도일동,24.0,60.0,3.5,0.0,2.0,4.0
제주특별자치도,올레브릿지하우스,서귀포시,안덕면,24.0,780.0,5.0,0.0,2.0,5.0
제주특별자치도,하이레지던스,제주시,연동,24.0,90.0,5.0,0.5,1.0,5.0
제주특별자치도,삼일삼오,제주시,구좌읍,24.0,210.0,5.0,0.5,1.0,5.0
제주특별자치도,풀벗 아그리투리스모,제주시,한림읍,24.0,90.0,4.0,0.6666666666666666,1.0,4.0
제주특별자치도,호텔레오,제주시,연동,24.0,457.5,3.5,0.0,2.0,3.0
제주특별자치도,스쿠버스토리 &게스트하우스,서귀포시,동홍동,24.0,408.0,4.0,0.0,0.0,4.0
제주특별자치도,자카란다,제주시,구좌읍,24.0,132.0,5.0,0.0,3.0,5.0
제주특별자치도,더웰테라스,서귀포시,중문동,24.0,150.0,5.0,1.0,3.0,5.0
제주특별자치도,몽중인,제주시,삼도이동,24.0,150.0,5.0,0.0,0.0,5.0
제주특별자치도,샘나도,제주시,애월읍,24.0,560.0,5.0,0.8888888888888888,0.8888888888888888,5.0
제주특별자치도,자멍펜션,제주시,구좌읍,24.0,315.0,4.0,0.0,2.0,4.0
제주특별자치도,바바호미,제주시,조천읍,24.0,90.0,5.0,0.0,0.0,5.0
제주특별자치도,코코코게스트하우스,제주시,구좌읍,24.0,132.0,4.2,0.6,0.0,4.0
제주특별자치도,취다선리조트,서귀포시,성산읍,24.0,290.0,5.0,0.6666666666666666,0.0,5.0
제주특별자치도,벨룸리조트,서귀포시,토평동,24.0,255.0,5.0,0.5,5.0,4.5
경기,레드스카이펜션,안산시,단원구,24.0,135.0,3.0,0.0,1.0,4.0
제주특별자치도,유수암캠핑장,제주시,애월읍,24.0,615.0,3.5,0.5,3.0,3.5
제주특별자치도,제주 자몽호텔,제주시,한림읍,24.0,290.0,3.6666666666666665,0.0,1.0,4.0
경남,하늘정원펜션,통영시,욕지면,24.0,135.0,3.0,0.0,2.0,3.0
인천,장경리해수욕장야영장,옹진군,영흥면,24.0,1395.0,5.0,0.0,7.0,5.0
제주특별자치도,달에물들다,제주시,구좌읍,24.0,200.0,5.0,0.0,1.0,5.0
제주특별자치도,설레임게스트하우스,제주시,애월읍,24.0,70.0,2.333333333333333,0.3333333333333333,0.3333333333333333,2.333333333333333
충남,솔마루황토펜션,태안군,안면읍,24.0,285.0,4.0,0.0,1.0,4.0
제주특별자치도,또똣제주백팩커스,서귀포시,안덕면,24.0,157.5,3.0,0.5,0.0,3.5
제주특별자치도,휴펜션,제주시,구좌읍,24.0,110.0,3.0,0.6666666666666666,0.0,3.0
제주특별자치도,온더스톤게스트하우스 성산점,서귀포시,성산읍,24.0,165.0,3.5,1.0,0.0,3.0
제주특별자치도,담뜨락,제주시,구좌읍,24.0,157.5,4.75,0.0,3.0,4.75
제주특별자치도,새왓댁 1호점,서귀포시,남원읍,24.0,270.0,5.0,0.3333333333333333,5.0,5.0
제주특별자치도,바다다펜션,제주시,구좌읍,24.0,150.0,4.5,0.0,1.0,4.5
인천,노을캠핑장,강화군,양도면,24.0,310.0,5.0,1.0,1.0,5.0
제주특별자치도,용두암현대1차아파트,제주시,용담삼동,24.0,240.0,4.5,1.0,0.0,4.5
제주특별자치도,다인오세아노호텔,제주시,애월읍,24.0,225.0,1.0,0.5,1.0,1.0
제주특별자치도,찰리호텔,제주시,삼도일동,24.0,120.0,5.0,0.5,2.0,5.0
전북,해들목펜션,군산시,옥도면,24.0,230.0,5.0,0.0,3.0,5.0
제주특별자치도,붉은오름자연휴양림,서귀포시,표선면,24.0,210.0,5.0,0.5,2.0,5.0
제주특별자치도,바다위언덕펜션,서귀포시,남원읍,24.0,135.0,5.0,0.5,2.0,5.0
제주특별자치도,썬라이즈호텔 섭지코지점,서귀포시,성산읍,24.0,150.0,3.0,0.0,1.0,2.5
제주특별자치도,오세화,제주시,구좌읍,24.0,187.5,5.0,0.75,1.0,5.0
인천,비치힐뷰하우스,중구,을왕동,24.0,375.0,5.0,0.0,3.0,5.0
제주특별자치도,제이투호텔,제주시,연동,24.0,720.0,3.5,0.0,3.0,4.0
경북,냥꼬네게스트하우스,울릉군,북면,24.0,255.0,4.0,1.0,0.0,4.0
제주특별자치도,빌라메르시,서귀포시,안덕면,24.0,600.0,5.0,0.0,1.0,5.0
경기,펜션하우스,가평군,북면,24.0,300.0,2.0,0.5,1.0,2.0
제주특별자치도,더그랜드섬오름 신관,서귀포시,법환동,24.0,255.0,4.0,0.0,1.0,4.0
제주특별자치도,비앤썬펜션,서귀포시,성산읍,24.0,75.0,4.5,0.0,1.0,4.5
제주특별자치도,굿나잇플리즈,제주시,구좌읍,24.0,255.0,4.0,0.0,3.0,3.5
제주특별자치도,소노벨제주 신관,제주시,조천읍,24.0,120.0,5.0,0.5,1.0,5.0
경남,거제돔관광호텔,거제시,일운면,24.0,190.0,2.6666666666666665,0.3333333333333333,2.0,2.6666666666666665
제주특별자치도,동촌하우스,제주시,구좌읍,24.0,130.0,3.6666666666666665,0.6666666666666666,1.0,3.333333333333333
제주특별자치도,에코루벤,제주시,노형동,24.0,510.0,4.0,1.0,0.0,4.0
제주특별자치도,탐탐56,제주시,구좌읍,24.0,540.0,3.6666666666666665,0.3333333333333333,1.0,3.6666666666666665
제주특별자치도,진모텔,서귀포시,서귀동,24.0,82.5,2.75,0.5,1.0,2.75
제주특별자치도,폴레폴레 게스트하우스,제주시,구좌읍,24.0,285.0,4.0,1.0,1.0,4.0
제주특별자치도,애월코스트34,제주시,애월읍,24.0,260.0,3.0,0.0,1.0,3.333333333333333
제주특별자치도,호근정원,서귀포시,호근동,24.0,330.0,5.0,0.5,3.0,5.0
제주특별자치도,스테이어라운드,제주시,도두일동,24.0,195.0,4.75,0.0,1.0,4.5
제주특별자치도,호텔G,제주시,삼도일동,24.0,135.0,3.0,0.5,1.0,3.0
인천,블루힐펜션,옹진군,북도면,24.0,180.0,5.0,0.0,1.0,5.0
제주특별자치도,더딘,제주시,구좌읍,24.0,225.0,5.0,0.5,4.0,5.0
인천,에버뷰펜션,중구,을왕동,24.0,195.0,5.0,0.0,1.0,5.0
제주특별자치도,서귀포칼호텔 살레,서귀포시,토평동,24.0,30.0,4.0,0.0,1.0,4.5
제주특별자치도,몽듀호텔,제주시,용담삼동,24.0,765.0,4.5,0.0,1.0,4.5
제주특별자치도,스탠포드호텔앤리조트 제주,제주시,애월읍,24.0,105.0,3.5,0.0,2.0,3.5
제주특별자치도,동홍주공2단지아파트,서귀포시,동홍동,24.0,150.0,3.5,0.5,1.0,4.0
제주특별자치도,초록초록,제주시,한림읍,24.0,165.0,4.0,0.5,1.0,2.5
제주특별자치도,머무르다,제주시,애월읍,24.0,135.0,4.0,0.0,0.0,4.0
제주특별자치도,스테이예스,제주시,한경면,24.0,150.0,3.5,0.5,0.0,2.0
제주특별자치도,타기모텔,제주시,일도일동,24.0,30.0,2.0,0.0,0.0,2.0
제주특별자치도,나인부띠끄호텔,서귀포시,서귀동,24.0,135.0,4.0,0.0,3.0,3.5
제주특별자치도,고고애월게스트하우스,제주시,애월읍,24.0,60.0,4.0,0.0,0.0,4.0
제주특별자치도,제주통나무휴야펜션 전기차충전소,서귀포시,표선면,24.0,330.0,5.0,0.0,3.0,5.0
경남,럭셔리비토섬J글램핑,사천시,서포면,24.0,120.0,4.0,1.0,3.0,4.0
제주특별자치도,아름다운리조트,서귀포시,성산읍,24.0,165.0,5.0,0.0,1.0,5.0
제주특별자치도,제주갤럭시호텔,제주시,용담1동,24.0,142.5,4.0,0.25,0.5,4.0
제주특별자치도,유리멘탈스튜디오,제주시,한경면,24.0,360.0,2.5,0.0,2.0,2.0
인천,라르고빌리조트,강화군,화도면,24.0,180.0,5.0,0.0,1.0,5.0
제주특별자치도,새마을금고중앙회 새마을금고제주연수원,제주시,애월읍,24.0,260.0,5.0,0.2222222222222222,1.0,5.0
전남,웨스트힐스 프라이빗 풀빌라,여수시,돌산읍,24.0,165.0,5.0,0.0,1.0,5.0
제주특별자치도,코쿤호텔 애월,제주시,애월읍,24.0,285.0,5.0,1.0,2.0,5.0
제주특별자치도,호텔DK,서귀포시,서귀동,24.0,120.0,4.0,1.0,0.0,4.0
제주특별자치도,호텔더그랑 중문,서귀포시,색달동,24.0,160.0,5.0,0.6666666666666666,0.0,5.0
제주특별자치도,로빈앤블루,제주시,우도면,24.0,135.0,5.0,0.5,1.0,5.0
제주특별자치도,W699펜션,제주시,구좌읍,24.0,135.0,4.5,0.5,3.0,4.5
제주특별자치도,서귀포풍경호텔,서귀포시,서홍동,24.0,225.0,1.5,0.5,1.0,1.0
경남,호텔딘,창원시,성산구,24.0,990.0,3.0,0.5,3.0,3.0
경남,아일랜드펜션,통영시,욕지면,24.0,390.0,1.3333333333333333,0.0,0.0,2.0
경북,울릉도 바닷가 상일펜션,울릉군,울릉읍,24.0,230.0,3.333333333333333,0.6666666666666666,2.0,3.333333333333333
제주특별자치도,녹원호텔,제주시,삼도일동,24.0,75.0,3.0,0.0,1.0,3.0
제주특별자치도,윤슬스테이,제주시,구좌읍,24.0,180.0,5.0,0.0,1.0,5.0
제주특별자치도,블루스프링부띠끄호텔,제주시,한림읍,24.0,367.5,3.5,0.25,0.25,3.5
제주특별자치도,백패커스빌라,제주시,한경면,24.0,615.0,2.0,0.0,1.0,2.0
제주특별자치도,제주나그네,제주시,구좌읍,24.0,90.0,3.0,0.5,2.0,2.5
제주특별자치도,월령선인장,제주시,한림읍,24.0,105.0,4.0,0.5,2.0,4.0
제주특별자치도,AirBnB,서귀포시,성산읍,24.0,30.0,2.333333333333333,0.6666666666666666,2.0,2.333333333333333
제주특별자치도,여기 머물다,제주시,구좌읍,24.0,155.0,5.0,0.5,0.3333333333333333,5.0
제주특별자치도,제주542,서귀포시,안덕면,24.0,225.0,5.0,0.5,1.0,5.0
제주특별자치도,헤르츠호텔,제주시,이도2동,24.0,45.0,3.0,0.0,1.0,3.0
제주특별자치도,제주키즈독채펜션아이랑,제주시,애월읍,24.0,345.0,4.0,0.5,3.0,4.0
제주특별자치도,어린왕자감귤밭,서귀포시,대정읍,24.0,330.0,4.0,0.1666666666666666,0.0,4.0
제주특별자치도,제주토비스콘도 본관,제주시,애월읍,24.0,210.0,2.0,1.0,0.0,3.6666666666666665
제주특별자치도,호텔시드니,제주시,애월읍,24.0,540.0,3.0,1.0,1.0,3.0
제주특별자치도,에코아바,제주시,노형동,24.0,390.0,4.0,0.0,1.0,3.0
인천,더호텔영종,중구,운서동,24.0,210.0,3.0,0.0,3.0,3.0
전남,더끌림펜션,여수시,돌산읍,24.0,130.0,5.0,0.6666666666666666,3.0,5.0
제주특별자치도,디자인뷰,서귀포시,법환동,24.0,240.0,5.0,0.75,5.0,5.0
인천,잘해줄게,강화군,길상면,24.0,320.0,3.333333333333333,0.3333333333333333,3.0,3.333333333333333
제주특별자치도,미카사펜션,제주시,애월읍,24.0,162.0,3.8,0.8,3.0,4.0
제주특별자치도,라쿤하우스,제주시,구좌읍,24.0,240.0,4.5,0.75,0.0,4.5
제주특별자치도,라임오렌지빌,서귀포시,토평동,24.0,195.0,4.0,0.5,0.0,4.0
제주특별자치도,펠리체펜션,서귀포시,안덕면,24.0,270.0,3.5,0.0,2.5,3.5
제주특별자치도,반디하우스,제주시,한경면,24.0,360.0,5.0,1.0,0.0,5.0
제주특별자치도,달콤한소금만들기,서귀포시,안덕면,24.0,90.0,5.0,0.0,0.0,5.0
제주특별자치도,제이뷰호텔,서귀포시,색달동,24.0,440.0,4.666666666666667,0.6666666666666666,3.0,4.666666666666667
제주특별자치도,우도모닝펜션,제주시,우도면,24.0,135.0,5.0,1.0,1.0,5.0
제주특별자치도,비스타리조트,제주시,이호일동,24.0,180.0,2.0,0.5,1.0,2.0
제주특별자치도,코지하우스&투어,제주시,애월읍,24.0,75.0,3.0,0.0,0.0,2.0
제주특별자치도,느랏 청굴물,제주시,구좌읍,24.0,150.0,5.0,0.0,1.0,5.0
제주특별자치도,오누박스게스트하우스,제주시,애월읍,24.0,405.0,2.0,0.0,0.0,2.0
제주특별자치도,자인빌리지펜션,서귀포시,상효동,24.0,45.0,4.0,0.5,4.0,4.0
제주특별자치도,롯데리조트제주 아트빌라스,서귀포시,색달동,24.0,200.0,5.0,0.0,4.0,5.0
경북,울릉도일등펜션,울릉군,울릉읍,24.0,105.0,3.0,0.0,1.0,3.0
제주특별자치도,제이르블랑,제주시,애월읍,24.0,150.0,4.0,0.0,1.0,4.0
제주특별자치도,평대림,제주시,구좌읍,24.0,240.0,4.5,0.8333333333333334,3.0,3.5
경기,나라펜션캠핑장,안산시,단원구,24.0,105.0,5.0,0.0,3.0,5.0
제주특별자치도,전망좋은게스트하우스,서귀포시,성산읍,24.0,195.0,3.0,0.5,0.0,3.0
제주특별자치도,애몽게스트하우스,제주시,애월읍,24.0,240.0,4.5,0.0,1.0,4.5
경기,제부도,화성시,서신면,24.0,120.0,5.0,0.0,1.0,5.0
제주특별자치도,샤모니리조트,서귀포시,강정동,24.0,375.0,4.0,0.5,2.0,3.5
제주특별자치도,낭만제주펜션,제주시,도두일동,24.0,150.0,5.0,0.0,1.0,5.0
제주특별자치도,꽃하루방게스트하우스,서귀포시,성산읍,24.0,120.0,5.0,0.0,1.0,5.0
전남,고흥신평권역해울림센터,고흥군,금산면,24.0,645.0,5.0,0.0,3.0,5.0
충남,펜션아침바다,태안군,안면읍,24.0,230.0,5.0,0.3333333333333333,1.0,5.0
제주특별자치도,벨루가,서귀포시,대정읍,24.0,900.0,5.0,0.3333333333333333,3.6666666666666665,5.0
제주특별자치도,중문올레펜션,서귀포시,안덕면,24.0,210.0,5.0,0.5,5.0,5.0
제주특별자치도,보름펜션,서귀포시,대정읍,24.0,240.0,5.0,0.6666666666666666,3.0,5.0
제주특별자치도,하버하우스,제주시,조천읍,24.0,315.0,4.5,0.0,0.0,4.0
제주특별자치도,제주야놀자,제주시,애월읍,24.0,360.0,5.0,0.6666666666666666,4.0,5.0
제주특별자치도,정안호스텔,제주시,용담2동,24.0,240.0,4.75,1.0,0.0,4.75
제주특별자치도,스테이아하,제주시,한림읍,24.0,120.0,5.0,0.0,1.0,5.0
제주특별자치도,오릭인제주,제주시,구좌읍,24.0,180.0,2.6666666666666665,0.6666666666666666,1.0,2.6666666666666665
제주특별자치도,한림속 하루,제주시,한림읍,24.0,180.0,5.0,0.8,2.0,5.0
제주특별자치도,낙천주의자들,제주시,구좌읍,24.0,105.0,4.25,0.75,1.0,4.25
인천,포엠펜션,옹진군,영흥면,24.0,690.0,5.0,0.5,2.0,5.0
전남,수완펜션,고흥군,금산면,24.0,210.0,3.5,0.0,0.0,3.5
제주특별자치도,무명고택,서귀포시,표선면,24.0,675.0,2.0,0.0,2.0,2.0
제주특별자치도,신창윤업사,제주시,한경면,24.0,285.0,4.5,0.5,1.0,4.5
경북,풍경채펜션,울릉군,울릉읍,24.0,150.0,4.0,0.5,0.0,4.0
경북,K모텔,울릉군,울릉읍,24.0,165.0,5.0,0.5,0.0,5.0
제주특별자치도,장미여관,서귀포시,법환동,24.0,240.0,2.0,0.5,1.0,3.0
제주특별자치도,모이모이펜션,제주시,한림읍,24.0,90.0,4.5,0.0,5.0,4.5
경남,통영바다52,통영시,인평동,24.0,195.0,3.0,0.5,3.0,3.0
경남,글램독 통영점,통영시,광도면,24.0,210.0,5.0,0.0,3.0,5.0
